city,hour,pm25,pm10,temp,humidity,wind
Delhi,0,86.4,92.9,30.3,86.0,1.8
Delhi,1,89.6,95.9,29.9,89.0,1.5
Delhi,2,91.0,97.8,29.7,90.0,2.2
Delhi,3,92.2,98.7,29.6,89.0,2.1
Delhi,4,90.8,96.9,29.4,89.0,2.1
Delhi,5,82.7,86.6,29.3,90.0,2.2
Delhi,6,84.1,87.8,29.3,90.0,1.6
Delhi,7,79.2,84.8,30.2,85.0,1.1
Delhi,8,65.2,73.6,31.6,75.0,1.0
Delhi,9,55.9,72.2,32.6,69.0,1.3
Delhi,10,50.3,66.4,33.4,65.0,2.0
Delhi,11,46.3,59.8,34.5,52.0,2.4
Delhi,12,47.5,60.3,35.3,50.0,3.0
Delhi,13,48.8,61.2,35.7,50.0,4.1
Delhi,14,50.6,62.6,35.4,52.0,5.2
Delhi,15,49.8,63.8,33.6,56.0,4.3
Delhi,16,47.7,63.3,34.0,56.0,3.8
Delhi,17,50.2,81.3,33.4,58.0,0.9
Delhi,18,58.7,87.3,32.6,65.0,2.4
Delhi,19,66.6,96.2,31.8,71.0,4.2
Delhi,20,68.7,87.5,30.8,79.0,8.9
Delhi,21,66.6,96.4,29.7,84.0,9.0
Delhi,22,64.5,120.1,29.3,84.0,10.8
Delhi,23,61.2,135.0,30.3,85.0,10.3
Delhi,0,56.5,116.9,28.6,89.0,12.2
Delhi,1,51.6,90.1,26.9,95.0,8.5
Delhi,2,49.8,75.7,26.7,95.0,10.6
Delhi,3,49.4,68.0,26.0,96.0,7.7
Delhi,4,48.4,62.2,25.9,97.0,8.9
Delhi,5,55.8,113.6,28.8,92.0,7.5
Delhi,6,54.0,101.7,28.6,93.0,7.8
Delhi,7,48.4,83.4,28.9,90.0,7.4
Delhi,8,44.6,78.2,27.9,88.0,13.1
Delhi,9,47.5,100.4,27.6,91.0,8.6
Delhi,10,48.9,108.7,27.2,93.0,8.9
Delhi,11,44.1,90.3,27.3,93.0,7.7
Delhi,12,42.0,76.6,27.1,94.0,9.0
Delhi,13,43.3,70.3,26.9,93.0,7.0
Delhi,14,43.4,64.5,27.4,90.0,3.9
Delhi,15,43.5,61.0,27.9,85.0,4.9
Delhi,16,44.0,59.0,27.7,86.0,3.6
Delhi,17,34.7,47.7,30.5,74.0,2.8
Delhi,18,32.4,42.3,29.9,77.0,3.4
Delhi,19,39.8,46.7,29.0,83.0,3.2
Delhi,20,47.6,54.5,28.5,85.0,4.2
Delhi,21,52.7,59.5,28.3,87.0,4.5
Delhi,22,51.3,56.8,28.0,89.0,4.6
Delhi,23,47.4,51.5,27.6,90.0,1.9
Delhi,0,43.8,47.1,27.4,92.0,1.5
Delhi,1,42.1,45.4,26.9,96.0,5.2
Delhi,2,44.8,47.8,26.7,97.0,4.7
Delhi,3,47.8,51.2,26.6,97.0,3.0
Delhi,4,46.6,49.8,26.6,98.0,1.5
Delhi,5,47.8,51.3,27.0,96.0,1.6
Delhi,6,51.1,53.7,26.3,98.0,1.4
Delhi,7,43.9,47.3,26.5,99.0,3.0
Delhi,8,38.2,42.3,27.0,95.0,1.5
Delhi,9,35.5,39.8,28.3,85.0,2.3
Delhi,10,32.0,36.8,28.9,82.0,3.5
Delhi,11,31.5,36.6,30.5,76.0,2.4
Delhi,12,34.0,39.3,31.9,71.0,2.3
Delhi,13,36.8,43.1,32.3,69.0,4.3
Delhi,14,39.8,46.4,32.6,68.0,5.6
Delhi,15,43.5,52.4,32.1,70.0,2.7
Delhi,16,45.9,53.6,31.1,78.0,5.7
Delhi,17,59.6,70.3,33.0,64.0,3.5
Delhi,18,68.0,75.9,32.2,69.0,3.9
Delhi,19,80.1,85.2,31.1,78.0,3.9
Delhi,20,75.4,79.6,30.5,82.0,5.3
Delhi,21,80.3,83.1,30.0,84.0,5.1
Delhi,22,81.5,83.8,29.5,88.0,3.5
Delhi,23,80.8,82.7,29.9,85.0,6.4
Delhi,0,77.8,79.4,29.2,89.0,7.5
Delhi,1,74.7,75.9,28.9,88.0,0.5
Delhi,2,71.7,72.9,25.9,96.0,4.3
Delhi,3,69.2,70.1,26.1,97.0,2.3
Delhi,4,67.5,68.2,26.4,99.0,1.8
Delhi,5,70.5,70.8,28.9,92.0,2.8
Delhi,6,73.3,73.8,28.6,94.0,1.3
Delhi,7,68.2,68.7,28.8,85.0,8.8
Delhi,8,52.4,52.9,29.3,83.0,7.4
Delhi,9,47.0,47.5,30.9,75.0,5.0
Delhi,10,43.2,45.1,32.1,70.0,7.1
Delhi,11,41.8,42.8,32.6,67.0,5.6
Delhi,12,41.1,43.9,32.8,65.0,6.5
Delhi,13,41.9,52.2,33.0,66.0,6.5
Delhi,14,42.1,55.9,33.2,66.0,4.1
Delhi,15,41.2,55.2,33.5,63.0,4.7
Delhi,16,40.6,53.1,33.7,57.0,6.1
Delhi,17,40.9,42.7,31.3,74.0,13.1
Delhi,18,43.8,45.2,28.8,84.0,10.1
Delhi,19,46.4,47.5,28.8,86.0,6.9
Delhi,20,46.1,46.7,28.7,90.0,6.7
Delhi,21,45.5,45.9,28.4,91.0,7.1
Delhi,22,45.8,46.3,28.4,90.0,7.4
Delhi,23,45.4,46.6,29.1,89.0,10.3
Delhi,0,43.3,45.2,28.8,90.0,10.2
Delhi,1,39.3,41.2,28.7,88.0,9.9
Delhi,2,33.8,34.7,28.5,87.0,9.8
Delhi,3,29.0,29.5,28.3,87.0,9.9
Delhi,4,38.3,136.9,28.0,86.0,10.5
Delhi,5,37.7,146.2,28.3,83.0,11.6
Delhi,6,32.6,89.4,28.1,84.0,9.7
Delhi,7,27.4,47.5,28.7,81.0,9.2
Delhi,8,21.6,25.4,29.0,79.0,13.1
Delhi,9,20.5,21.8,29.7,75.0,13.3
Delhi,10,21.3,22.1,30.2,72.0,13.7
Delhi,11,22.8,23.3,30.9,70.0,12.4
Delhi,12,22.2,22.6,31.3,66.0,14.5
Delhi,13,20.8,28.2,31.6,67.0,10.8
Delhi,14,21.7,30.4,32.4,67.0,10.6
Delhi,15,20.7,23.7,32.6,66.0,11.5
Delhi,16,20.2,21.4,31.8,69.0,10.7
Delhi,17,31.5,32.0,31.8,69.0,6.7
Delhi,18,35.2,35.5,31.2,73.0,7.2
Delhi,19,36.7,37.0,30.3,79.0,7.4
Delhi,20,36.3,36.8,29.9,82.0,8.1
Delhi,21,34.9,35.6,29.7,82.0,10.6
Delhi,22,33.4,34.3,29.2,84.0,10.3
Delhi,23,31.2,32.1,28.4,86.0,9.2
Delhi,0,28.6,29.5,28.7,86.0,10.7
Delhi,1,41.2,157.9,27.8,90.0,8.7
Delhi,2,49.4,225.8,27.7,87.0,10.1
Delhi,3,52.9,252.4,27.6,88.0,9.3
Delhi,4,52.4,243.1,27.6,89.0,9.0
Delhi,5,25.5,26.5,27.0,93.0,10.0
Delhi,6,26.8,27.8,26.8,92.0,12.3
Delhi,7,27.5,28.6,27.1,88.0,11.6
Delhi,8,26.4,27.4,27.9,83.0,12.1
Delhi,9,25.3,26.0,29.7,76.0,11.4
Delhi,10,34.8,117.8,31.0,70.0,11.7
Delhi,11,27.6,44.8,32.0,66.0,11.4
Delhi,12,30.2,61.0,32.6,66.0,10.3
Delhi,13,30.5,38.1,32.4,67.0,12.1
Delhi,14,30.0,33.6,31.1,73.0,9.0
Delhi,15,29.5,31.3,31.3,74.0,8.1
Delhi,16,28.8,29.8,31.8,71.0,8.0
Delhi,17,36.6,55.9,30.4,80.0,8.2
Delhi,18,41.2,53.3,30.7,78.0,6.4
Delhi,19,44.9,51.5,30.2,82.0,6.7
Delhi,20,44.9,48.1,29.9,84.0,6.5
Delhi,21,43.2,44.4,29.6,85.0,8.8
Delhi,22,40.7,41.2,29.4,85.0,9.3
Delhi,23,40.3,40.4,26.7,90.0,11.0
Delhi,0,37.4,37.6,26.9,91.0,11.2
Delhi,1,35.0,35.5,27.0,92.0,9.0
Delhi,2,34.6,35.4,27.0,93.0,6.6
Delhi,3,35.3,36.6,26.9,94.0,6.2
Delhi,4,35.9,37.5,26.9,94.0,6.8
Delhi,5,44.2,45.3,27.1,96.0,9.2
Delhi,6,45.2,46.4,26.5,96.0,10.0
Delhi,7,43.0,44.9,27.1,94.0,6.3
Delhi,8,39.3,69.8,28.8,85.0,7.9
Delhi,9,39.9,79.6,30.6,76.0,8.6
Delhi,10,38.1,61.9,32.0,68.0,8.3
Delhi,11,37.7,53.8,33.7,59.0,7.5
Delhi,12,36.3,47.4,33.4,61.0,7.4
Delhi,13,34.5,42.0,32.4,65.0,8.3
Delhi,14,35.3,40.6,32.5,68.0,7.5
Delhi,15,36.9,40.5,33.0,65.0,6.7
Delhi,16,35.6,38.2,33.0,64.0,7.5
Delhi,17,29.8,30.6,29.2,84.0,3.6
Delhi,18,33.8,34.7,27.9,90.0,10.0
Delhi,19,37.7,38.4,27.5,94.0,3.1
Delhi,20,36.8,37.4,27.7,95.0,5.2
Delhi,21,37.0,37.7,27.9,96.0,4.7
Delhi,22,38.4,39.3,27.9,97.0,6.8
Delhi,23,37.4,38.5,28.8,96.0,6.8
Delhi,0,35.6,37.3,28.5,97.0,7.2
Delhi,1,34.5,36.6,28.3,96.0,7.7
Delhi,2,32.6,35.0,27.7,94.0,8.4
Delhi,3,28.8,31.5,27.4,94.0,7.6
Delhi,4,27.0,29.7,27.3,95.0,7.7
Delhi,5,25.8,27.9,27.7,95.0,8.3
Delhi,6,28.9,31.5,27.1,97.0,2.3
Delhi,7,31.3,34.3,27.7,93.0,7.3
Delhi,8,31.1,33.8,28.7,87.0,4.2
Delhi,9,30.9,32.9,29.6,81.0,2.7
Delhi,10,29.9,31.8,30.8,77.0,4.7
Delhi,11,31.7,33.5,31.7,71.0,5.4
Delhi,12,31.3,32.8,33.3,65.0,6.7
Delhi,13,30.7,32.0,34.1,62.0,7.5
Delhi,14,32.2,33.4,31.9,68.0,12.5
Delhi,15,31.9,32.8,31.6,74.0,2.4
Delhi,16,31.3,32.0,31.3,74.0,6.0
Delhi,17,44.6,45.8,33.3,67.0,9.3
Delhi,18,48.3,49.0,30.6,75.0,7.7
Delhi,19,57.0,57.4,27.4,93.0,4.0
Delhi,20,65.7,65.9,27.4,95.0,6.5
Delhi,21,70.8,71.0,27.4,94.0,2.3
Delhi,22,78.5,78.7,27.2,94.0,2.4
Delhi,23,76.4,76.6,26.7,97.0,4.1
Delhi,0,75.2,75.4,27.1,96.0,6.4
Delhi,1,63.6,63.8,27.0,97.0,7.2
Delhi,2,54.9,55.3,26.7,98.0,5.8
Delhi,3,45.4,45.6,26.7,97.0,4.9
Delhi,4,38.3,38.4,26.7,97.0,3.6
Delhi,5,36.2,36.4,27.0,96.0,8.4
Delhi,6,35.9,36.2,26.6,97.0,8.5
Delhi,7,31.5,32.0,27.1,93.0,1.9
Delhi,8,27.3,27.8,28.0,88.0,2.9
Delhi,9,26.3,27.0,29.7,79.0,4.7
Delhi,10,27.6,28.5,30.6,77.0,3.2
Delhi,11,28.4,29.3,28.9,85.0,5.4
Delhi,12,27.7,28.6,28.2,91.0,4.4
Delhi,13,27.1,28.1,28.8,85.0,7.1
Delhi,14,27.1,28.1,29.1,84.0,7.6
Delhi,15,27.8,28.8,29.5,82.0,5.5
Delhi,16,36.9,38.3,29.1,83.0,3.7
Delhi,17,33.1,33.8,27.5,92.0,1.5
Delhi,18,37.8,38.4,27.3,94.0,1.9
Delhi,19,51.9,52.4,27.2,95.0,1.0
Delhi,20,62.2,62.4,27.3,96.0,1.5
Delhi,21,68.5,68.7,27.3,96.0,1.6
Delhi,22,76.1,76.6,27.1,96.0,1.1
Delhi,23,75.2,75.4,27.7,96.0,2.2
Delhi,0,65.9,66.1,27.5,97.0,2.7
Delhi,1,60.1,60.3,27.4,99.0,1.8
Delhi,2,57.7,58.0,27.4,93.0,1.5
Delhi,3,56.6,56.8,27.0,92.0,2.6
Delhi,4,55.9,56.1,26.4,96.0,3.3
Delhi,5,71.9,72.4,26.1,95.0,2.2
Delhi,6,68.2,68.7,25.7,95.0,2.0
Delhi,7,57.9,58.3,26.8,94.0,2.8
Delhi,8,47.6,48.1,28.5,85.0,2.2
Delhi,9,37.6,38.4,30.0,77.0,3.7
Delhi,10,35.7,36.7,31.3,69.0,4.7
Delhi,11,37.6,38.8,31.6,71.0,3.6
Delhi,12,40.0,41.4,31.1,72.0,4.4
Delhi,13,43.0,44.4,31.9,69.0,5.0
Delhi,14,49.7,80.8,31.8,68.0,5.7
Delhi,15,42.8,52.5,33.0,62.0,6.9
Delhi,16,39.3,45.8,32.7,63.0,4.5
Delhi,17,46.1,54.0,28.3,94.0,5.3
Delhi,18,54.0,59.3,28.4,88.0,4.6
Delhi,19,64.5,67.8,28.1,90.0,7.0
Delhi,20,65.2,68.0,27.6,92.0,6.7
Delhi,21,65.7,69.2,27.8,93.0,5.3
Delhi,22,70.1,74.3,27.8,95.0,4.4
Delhi,23,74.7,79.6,27.3,100.0,5.4
Delhi,0,70.5,74.7,27.3,96.0,2.6
Delhi,1,61.2,64.5,26.4,95.0,5.6
Delhi,2,62.4,64.7,26.5,96.0,3.8
Delhi,3,60.5,62.9,26.8,95.0,4.4
Delhi,4,57.7,60.5,26.9,97.0,5.4
Delhi,5,68.7,71.7,27.4,95.0,3.5
Delhi,6,70.3,72.6,27.5,94.0,2.7
Delhi,7,75.0,76.4,27.7,92.0,6.7
Delhi,8,70.1,71.2,27.3,90.0,7.0
Delhi,9,54.6,55.3,27.0,88.0,3.6
Delhi,10,45.3,46.4,26.7,87.0,1.6
Delhi,11,44.6,46.7,26.8,85.0,1.8
Delhi,12,44.9,48.8,28.0,80.0,3.0
Delhi,13,47.4,52.7,27.5,84.0,4.6
Delhi,14,51.9,68.2,27.3,85.0,5.5
Delhi,15,50.9,62.2,27.2,87.0,5.5
Delhi,16,57.6,67.1,27.8,84.0,6.9
Delhi,17,31.8,33.3,27.7,90.0,8.9
Delhi,18,32.7,33.6,27.5,91.0,7.4
Delhi,19,34.8,35.6,27.3,92.0,5.2
Delhi,20,37.0,38.0,27.1,93.0,4.7
Delhi,21,37.6,38.5,27.0,94.0,5.7
Delhi,22,39.1,40.0,26.9,94.0,5.9
Delhi,23,39.9,41.0,26.7,93.0,8.7
Delhi,0,36.6,37.7,26.0,97.0,8.0
Delhi,1,34.7,35.9,26.0,97.0,3.3
Delhi,2,31.8,32.2,26.0,98.0,4.2
Delhi,3,28.5,28.7,25.9,99.0,6.0
Delhi,4,25.6,25.7,25.9,95.0,6.9
Delhi,5,35.0,35.2,26.3,97.0,3.9
Delhi,6,36.9,37.1,26.2,98.0,6.1
Delhi,7,38.4,38.6,25.9,96.0,7.8
Delhi,8,43.3,43.5,26.5,94.0,9.7
Delhi,9,49.0,49.1,26.6,92.0,12.4
Delhi,10,32.5,32.7,27.0,92.0,11.1
Delhi,11,26.7,27.0,27.3,90.0,14.6
Delhi,12,26.7,26.9,26.4,96.0,11.8
Delhi,13,25.8,26.0,27.2,95.0,12.0
Delhi,14,28.1,28.3,28.4,89.0,10.5
Delhi,15,29.2,29.4,29.5,82.0,11.1
Delhi,16,29.0,29.3,28.6,79.0,12.6
Delhi,17,34.6,35.2,27.2,92.0,9.8
Delhi,18,35.6,36.2,27.0,93.0,8.2
Delhi,19,36.0,36.4,26.7,95.0,7.7
Delhi,20,34.7,35.2,26.4,95.0,12.1
Delhi,21,35.2,35.5,25.7,97.0,11.7
Delhi,22,36.3,36.6,25.7,96.0,9.3
Delhi,23,37.7,38.0,25.9,97.0,2.3
Delhi,0,38.3,38.5,26.0,98.0,7.2
Delhi,1,39.6,39.7,25.8,96.0,10.3
Delhi,2,41.4,41.6,25.3,96.0,6.8
Delhi,3,41.9,42.1,24.9,99.0,7.6
Delhi,4,43.9,44.0,24.8,99.0,6.5
Delhi,5,44.9,45.5,25.5,96.0,2.2
Delhi,6,47.4,48.1,25.6,96.0,10.5
Delhi,7,47.5,48.7,26.0,95.0,6.9
Delhi,8,44.2,45.9,27.3,93.0,4.8
Delhi,9,39.0,41.4,29.6,85.0,6.5
Delhi,10,35.7,38.8,31.1,77.0,12.6
Delhi,11,37.8,41.3,29.6,80.0,13.3
Delhi,12,36.1,38.8,31.2,74.0,12.4
Delhi,13,43.4,45.9,30.8,73.0,12.9
Delhi,14,39.7,41.6,30.7,76.0,7.0
Delhi,15,37.1,38.4,32.3,66.0,8.1
Delhi,16,36.6,37.5,32.2,66.0,7.4
Delhi,17,36.3,49.4,31.1,73.0,8.6
Delhi,18,42.8,49.5,30.3,78.0,6.5
Delhi,19,48.3,52.7,29.4,82.0,5.9
Delhi,20,56.5,60.8,29.1,85.0,4.0
Delhi,21,56.7,61.5,28.9,87.0,6.4
Delhi,22,49.4,56.1,28.6,87.0,5.4
Delhi,23,47.1,53.8,29.1,89.0,2.6
Delhi,0,48.4,53.3,28.5,90.0,3.1
Delhi,1,47.6,50.8,28.2,90.0,2.9
Delhi,2,45.4,47.0,27.2,92.0,5.8
Delhi,3,44.0,44.6,26.9,94.0,5.2
Delhi,4,43.8,43.9,26.6,95.0,4.8
Delhi,5,53.6,54.2,25.3,97.0,4.7
Delhi,6,50.8,51.1,26.0,96.0,3.5
Delhi,7,46.1,46.2,27.3,93.0,1.8
Delhi,8,42.1,42.3,29.2,85.0,3.1
Delhi,9,38.2,38.4,30.8,79.0,5.1
Delhi,10,37.5,37.7,31.7,74.0,6.5
Delhi,11,36.9,37.1,32.6,68.0,8.9
Delhi,12,36.6,37.0,32.9,66.0,6.1
Delhi,13,41.6,71.0,33.6,62.0,4.8
Delhi,14,42.0,65.2,33.9,61.0,4.4
Delhi,15,41.2,57.6,34.1,61.0,2.2
Delhi,16,41.3,54.6,33.8,61.0,3.3
Delhi,17,48.0,48.4,34.0,60.0,3.3
Delhi,18,60.5,61.0,32.0,71.0,4.4
Delhi,19,83.4,83.8,30.9,80.0,4.4
Delhi,20,107.8,108.0,30.4,82.0,4.7
Delhi,21,128.1,128.1,30.0,83.0,4.0
Delhi,22,140.6,140.6,29.6,85.0,3.7
Delhi,23,130.4,130.4,30.3,80.0,7.4
Delhi,0,100.1,100.4,29.3,85.0,3.1
Delhi,1,74.3,74.5,27.4,92.0,9.0
Delhi,2,59.1,59.3,27.1,92.0,4.4
Delhi,3,53.0,53.1,27.4,93.0,4.1
Delhi,4,50.3,50.4,27.7,93.0,4.6
Delhi,5,37.8,38.0,27.8,90.0,8.1
Delhi,6,36.0,36.2,27.4,91.0,6.6
Delhi,7,32.4,32.6,27.5,89.0,5.0
Delhi,8,29.9,30.0,28.5,85.0,6.0
Delhi,9,28.9,29.1,29.7,80.0,7.6
Delhi,10,30.6,30.7,31.1,74.0,5.5
Delhi,11,31.5,33.1,33.0,64.0,6.2
Delhi,12,32.9,36.9,33.0,66.0,4.9
Delhi,13,36.2,60.8,29.5,81.0,13.6
Delhi,14,37.8,47.7,28.4,89.0,2.0
Delhi,15,39.6,47.5,29.2,86.0,1.9
Delhi,16,40.5,46.2,29.6,83.0,2.7
Delhi,17,52.5,54.4,29.9,82.0,8.5
Delhi,18,56.9,57.6,29.4,85.0,6.2
Delhi,19,58.8,59.0,28.9,88.0,6.0
Delhi,20,65.0,65.0,28.6,90.0,5.3
Delhi,21,70.8,71.0,28.6,91.0,3.4
Delhi,22,77.1,77.5,28.5,92.0,3.2
Delhi,23,77.3,77.8,27.9,95.0,6.0
Delhi,0,77.3,77.8,27.7,95.0,9.6
Delhi,1,76.6,77.1,27.5,94.0,8.5
Delhi,2,74.5,75.2,27.3,95.0,8.8
Delhi,3,71.9,72.6,27.1,96.0,7.6
Delhi,4,65.4,65.9,27.3,90.0,7.8
Delhi,5,51.9,52.3,26.8,94.0,7.2
Delhi,6,47.4,47.6,27.0,93.0,7.3
Delhi,7,50.5,50.9,27.6,90.0,8.1
Delhi,8,44.9,45.3,28.5,87.0,5.7
Delhi,9,40.3,40.4,29.0,85.0,5.6
Delhi,10,37.5,37.7,30.1,81.0,4.3
Delhi,11,38.5,38.8,30.0,81.0,4.0
Delhi,12,39.8,40.3,28.2,88.0,7.7
Delhi,13,39.6,39.9,28.3,92.0,5.4
Delhi,14,38.0,38.3,29.2,89.0,4.8
Delhi,15,36.4,36.7,30.3,83.0,5.5
Delhi,16,37.0,37.3,30.5,79.0,5.0
Delhi,17,45.2,45.3,30.4,79.0,3.8
Delhi,18,47.4,47.5,30.2,80.0,2.7
Delhi,19,58.9,59.0,29.3,87.0,3.1
Delhi,20,74.7,75.0,28.9,89.0,4.4
Delhi,21,86.6,86.8,28.7,89.0,3.6
Delhi,22,102.7,102.9,28.3,90.0,4.4
Delhi,23,111.3,111.5,28.7,87.0,4.9
Delhi,0,109.0,109.2,28.4,88.0,3.1
Delhi,1,110.4,110.6,28.3,89.0,0.5
Delhi,2,116.9,117.1,27.8,91.0,2.8
Delhi,3,122.0,122.0,27.4,93.0,3.6
Delhi,4,114.6,114.6,27.1,95.0,2.4
Delhi,5,92.2,92.2,27.5,97.0,2.2
Delhi,6,93.6,93.8,27.4,97.0,2.9
Delhi,7,75.0,75.2,28.5,92.0,2.7
Delhi,8,54.5,54.6,30.0,82.0,3.1
Delhi,9,40.4,40.6,31.2,74.0,3.4
Delhi,10,40.6,40.9,32.1,69.0,2.7
Delhi,11,42.8,43.2,33.0,64.0,3.5
Delhi,12,44.6,44.9,33.6,63.0,2.3
Delhi,13,46.4,46.9,34.1,60.0,1.9
Delhi,14,47.7,48.1,34.5,59.0,0.2
Delhi,15,47.7,48.1,34.7,59.0,0.2
Delhi,16,48.8,49.1,34.4,60.0,0.0
Delhi,17,43.9,46.7,34.3,61.0,3.5
Delhi,18,65.4,67.5,31.9,73.0,5.8
Delhi,19,82.4,85.2,30.0,83.0,8.1
Delhi,20,85.9,89.2,28.7,87.0,5.9
Delhi,21,87.3,89.4,28.6,91.0,6.3
Delhi,22,81.5,81.7,28.5,92.0,5.0
Delhi,23,77.3,77.3,30.0,84.0,5.8
Delhi,0,66.8,66.8,29.3,87.0,3.8
Delhi,1,61.2,61.2,29.0,88.0,4.2
Delhi,2,55.4,55.4,28.8,88.0,4.3
Delhi,3,47.5,47.5,28.5,89.0,5.6
Delhi,4,41.1,41.2,28.1,92.0,3.1
Delhi,5,51.5,51.5,27.3,95.0,5.1
Delhi,6,50.3,50.9,26.9,94.0,10.1
Delhi,7,47.3,48.7,28.1,90.0,6.3
Delhi,8,44.2,47.8,30.1,80.0,3.8
Delhi,9,46.0,73.8,31.6,75.0,4.1
Delhi,10,44.4,53.9,32.6,71.0,2.7
Delhi,11,42.3,48.9,33.3,67.0,3.1
Delhi,12,41.8,46.7,34.2,64.0,3.5
Delhi,13,39.6,42.8,33.5,63.0,8.2
Delhi,14,37.5,39.6,32.8,68.0,3.9
Delhi,15,37.8,74.5,33.7,66.0,5.1
Delhi,16,41.7,110.8,33.5,67.0,4.8
Delhi,17,37.6,47.1,30.2,87.0,3.8
Delhi,18,46.0,52.7,30.3,85.0,1.8
Delhi,19,54.8,61.9,29.9,89.0,3.8
Delhi,20,63.6,71.7,30.0,89.0,2.7
Delhi,21,76.8,86.6,30.1,88.0,2.5
Delhi,22,83.6,90.8,29.9,88.0,3.3
Delhi,23,74.0,78.5,30.5,88.0,2.1
Delhi,0,73.6,75.4,30.0,88.0,3.1
Delhi,1,72.6,74.0,29.6,89.0,4.2
Delhi,2,72.4,73.8,29.4,89.0,3.9
Delhi,3,71.5,73.3,29.2,89.0,4.0
Delhi,4,71.7,73.6,28.9,90.0,4.6
Delhi,5,61.2,65.9,27.5,96.0,0.7
Delhi,6,59.4,68.2,26.8,98.0,3.8
Delhi,7,51.3,62.9,27.2,96.0,4.1
Delhi,8,48.5,61.7,28.2,91.0,2.8
Delhi,9,43.5,64.5,28.8,85.0,3.7
Delhi,10,42.8,65.2,29.8,81.0,1.2
Delhi,11,40.3,59.8,30.4,79.0,2.4
Delhi,12,38.4,55.1,30.6,80.0,1.5
Delhi,13,38.8,53.8,31.2,78.0,2.6
Delhi,14,39.5,53.0,30.3,80.0,5.4
Delhi,15,39.2,50.6,29.1,85.0,1.5
Delhi,16,37.8,46.1,29.4,84.0,0.9
Delhi,17,46.2,60.3,29.9,80.0,4.1
Delhi,18,50.2,61.0,29.3,83.0,3.6
Delhi,19,66.4,75.0,28.7,87.0,4.2
Delhi,20,79.2,87.1,28.3,89.0,4.5
Delhi,21,89.4,96.9,28.2,89.0,1.7
Delhi,22,91.7,97.8,28.1,90.0,2.7
Delhi,23,93.6,98.7,28.3,88.0,3.3
Delhi,0,95.2,99.9,28.0,90.0,1.8
Delhi,1,93.6,97.8,27.7,92.0,2.4
Delhi,2,94.1,97.6,27.5,93.0,1.9
Delhi,3,94.5,98.0,27.3,93.0,2.2
Delhi,4,95.7,99.0,27.2,94.0,0.2
Delhi,5,97.1,106.9,26.7,95.0,4.7
Delhi,6,93.4,102.7,26.5,99.0,3.1
Delhi,7,85.2,96.4,26.5,98.0,2.1
Delhi,8,65.0,77.8,27.5,93.0,2.7
Delhi,9,52.6,65.7,28.0,89.0,2.4
Delhi,10,51.0,63.3,29.6,82.0,0.8
Delhi,11,49.5,60.8,32.3,71.0,5.5
Delhi,12,48.8,59.0,31.8,70.0,8.7
Delhi,13,48.4,57.7,30.6,80.0,5.5
Delhi,14,44.9,53.0,32.3,71.0,4.6
Delhi,15,42.7,49.5,32.7,64.0,8.3
Delhi,16,41.0,47.5,32.5,67.0,6.4
Delhi,17,43.8,71.2,31.9,73.0,9.6
Delhi,18,56.5,83.8,31.3,78.0,4.8
Delhi,19,72.9,106.4,30.7,82.0,4.9
Delhi,20,83.1,120.6,30.3,85.0,5.0
Delhi,21,90.6,133.6,30.0,87.0,3.8
Delhi,22,103.6,152.3,29.7,88.0,3.1
Delhi,23,110.6,162.5,29.6,83.0,8.4
Delhi,0,104.3,157.4,29.1,86.0,7.0
Delhi,1,94.1,154.6,28.8,88.0,4.9
Delhi,2,92.7,157.4,28.6,88.0,9.0
Delhi,3,91.5,144.4,26.1,93.0,8.0
Delhi,4,77.3,113.6,26.4,92.0,8.0
Delhi,5,65.4,269.2,28.0,86.0,10.3
Delhi,6,74.5,301.7,27.7,85.0,10.6
Delhi,7,82.4,312.0,28.7,80.0,10.7
Delhi,8,87.3,354.8,29.5,78.0,8.8
Delhi,9,96.2,476.8,30.2,76.0,6.5
Delhi,10,92.9,470.3,31.9,70.0,6.1
Delhi,11,75.7,299.9,32.6,67.0,7.2
Delhi,12,68.7,245.9,33.3,65.0,7.2
Delhi,13,66.1,244.9,33.5,65.0,5.7
Delhi,14,68.2,264.5,33.6,65.0,7.2
Delhi,15,68.5,274.7,33.5,64.0,10.4
Delhi,16,66.6,256.1,33.2,65.0,6.7
Delhi,17,91.3,440.5,31.6,74.0,4.5
Delhi,18,95.2,359.5,31.2,78.0,2.2
Delhi,19,106.4,370.7,30.6,81.0,4.3
Delhi,20,105.7,333.4,29.9,84.0,7.0
Delhi,21,92.0,252.4,29.5,87.0,5.7
Delhi,22,82.4,198.4,29.1,88.0,6.6
Delhi,23,71.9,191.9,29.5,84.0,5.5
Delhi,0,70.1,172.3,29.0,84.0,4.8
Delhi,1,70.3,149.9,28.5,87.0,7.7
Delhi,2,68.7,144.4,28.2,87.0,6.0
Delhi,3,73.3,156.9,28.2,85.0,7.4
Delhi,4,75.2,158.3,28.0,84.0,8.3
Delhi,5,64.3,173.7,28.4,82.0,7.6
Delhi,6,58.8,187.2,28.0,84.0,7.3
Delhi,7,53.4,172.8,28.8,79.0,9.6
Delhi,8,47.6,165.3,29.4,76.0,10.0
Delhi,9,42.7,143.9,30.3,74.0,7.7
Delhi,10,56.7,277.5,31.4,71.0,8.3
Delhi,11,71.7,402.3,32.7,65.0,10.7
Delhi,12,74.3,405.1,33.2,64.0,8.7
Delhi,13,65.0,292.4,32.0,67.0,8.1
Delhi,14,66.6,299.9,31.3,71.0,7.0
Delhi,15,67.5,299.9,31.9,70.0,4.0
Delhi,16,67.1,288.7,31.8,73.0,5.1
Delhi,17,55.5,197.0,29.7,78.0,15.4
Delhi,18,57.4,154.1,27.1,95.0,3.5
Delhi,19,64.5,144.8,27.5,95.0,5.7
Delhi,20,72.6,143.9,27.8,90.0,3.6
Delhi,21,78.2,142.5,28.1,89.0,4.3
Delhi,22,82.4,133.2,28.1,89.0,4.5
Delhi,23,82.4,121.5,28.7,87.0,2.3
Delhi,0,72.2,96.6,28.4,88.0,0.6
Delhi,1,55.4,68.2,28.1,90.0,2.8
Delhi,2,44.6,52.7,27.9,90.0,0.4
Delhi,3,41.8,49.2,27.6,92.0,1.1
Delhi,4,48.1,57.9,27.6,88.0,4.6
Delhi,5,29.2,55.5,27.7,86.0,5.4
Delhi,6,41.6,178.3,27.4,89.0,1.4
Delhi,7,51.3,212.3,28.3,84.0,2.3
Delhi,8,56.1,249.6,29.4,75.0,7.9
Delhi,9,63.8,299.0,30.6,71.0,5.6
Delhi,10,71.0,353.0,31.6,68.0,6.5
Delhi,11,61.2,261.7,32.5,63.0,6.9
Delhi,12,57.5,231.0,33.1,60.0,5.1
Delhi,13,56.8,223.1,33.5,59.0,4.8
Delhi,14,57.2,222.1,33.3,60.0,3.3
Delhi,15,60.3,245.9,33.1,62.0,3.9
Delhi,16,58.3,229.6,31.4,69.0,4.2
Delhi,17,55.1,165.8,33.0,60.0,4.7
Delhi,18,69.4,156.5,30.6,74.0,5.4
Delhi,19,90.1,177.9,29.2,84.0,7.9
Delhi,20,103.8,176.5,28.5,89.0,1.8
Delhi,21,88.5,149.5,26.7,88.0,12.7
Delhi,22,83.1,137.4,26.5,87.0,4.8
Delhi,23,80.6,124.3,27.6,87.0,3.5
Delhi,0,78.9,115.5,27.5,88.0,2.3
Delhi,1,81.0,113.4,27.4,89.0,2.9
Delhi,2,86.4,118.3,27.1,92.0,1.7
Delhi,3,92.2,124.3,27.0,93.0,0.2
Delhi,4,96.4,128.5,26.8,95.0,0.3
Delhi,5,65.0,98.5,28.2,93.0,4.4
Delhi,6,67.8,105.7,28.2,90.0,3.6
Delhi,7,64.7,114.6,28.7,87.0,2.3
Delhi,8,61.5,120.6,29.7,81.0,3.7
Delhi,9,58.0,121.5,30.7,74.0,4.4
Delhi,10,57.3,135.0,31.6,69.0,3.5
Delhi,11,50.5,108.0,31.7,64.0,6.3
Delhi,12,47.8,101.7,31.9,65.0,3.8
Delhi,13,47.5,97.6,32.6,63.0,2.6
Delhi,14,49.5,97.1,32.9,63.0,2.9
Delhi,15,49.8,95.7,33.0,61.0,2.3
Delhi,16,50.4,107.6,33.1,59.0,3.3
Delhi,17,50.6,96.4,28.4,87.0,5.6
Delhi,18,51.5,85.2,28.0,92.0,3.0
Delhi,19,59.0,86.4,28.4,91.0,3.9
Delhi,20,60.8,80.3,28.3,92.0,2.6
Delhi,21,57.4,75.0,28.0,93.0,3.6
Delhi,22,59.6,74.0,27.8,94.0,2.8
Delhi,23,61.0,74.0,29.2,92.0,0.6
Delhi,0,58.2,72.4,28.7,94.0,3.0
Delhi,1,58.4,71.0,28.2,92.0,5.7
Delhi,2,58.2,69.8,27.3,95.0,2.4
Delhi,3,58.6,71.0,27.1,96.0,5.7
Delhi,4,57.7,69.2,27.0,95.0,0.6
Delhi,5,38.0,46.9,27.0,96.0,1.9
Delhi,6,37.1,44.8,27.2,95.0,4.3
Delhi,7,34.8,42.5,27.7,95.0,3.4
Delhi,8,30.7,40.4,27.8,91.0,5.7
Delhi,9,31.7,43.0,28.9,81.0,4.1
Delhi,10,34.1,48.9,30.0,75.0,2.8
Delhi,11,36.7,58.1,30.8,69.0,1.3
Delhi,12,38.1,67.8,32.1,66.0,1.9
Delhi,13,37.7,65.7,32.9,62.0,3.2
Delhi,14,36.6,59.1,33.3,60.0,3.3
Delhi,15,37.1,56.6,33.5,60.0,3.3
Delhi,16,38.3,56.6,33.3,60.0,2.6
Delhi,17,51.0,78.9,29.2,91.0,5.0
Delhi,18,57.6,95.0,28.8,94.0,6.3
Delhi,19,67.3,95.5,28.3,95.0,6.0
Delhi,20,74.3,100.1,28.1,97.0,4.6
Delhi,21,80.6,105.5,28.1,97.0,4.9
Delhi,22,87.3,107.1,28.1,92.0,4.8
Delhi,23,85.0,102.7,29.8,91.0,3.6
Delhi,0,77.1,91.7,29.0,90.0,6.3
Delhi,1,74.7,85.4,28.7,88.0,6.0
Delhi,2,78.2,87.3,28.3,89.0,6.0
Delhi,3,80.1,89.9,28.2,91.0,6.5
Delhi,4,82.7,92.7,27.9,92.0,4.3
Delhi,5,38.5,58.9,27.2,95.0,9.3
Delhi,6,33.9,53.4,27.0,92.0,5.6
Delhi,7,32.8,50.9,27.7,87.0,5.7
Delhi,8,32.0,54.1,29.2,79.0,7.3
Delhi,9,33.4,65.9,30.7,71.0,10.1
Delhi,10,42.1,120.1,32.0,67.0,9.3
Delhi,11,42.4,105.7,33.2,62.0,10.6
Delhi,12,40.9,84.3,33.8,59.0,9.9
Delhi,13,43.5,91.3,33.8,58.0,8.8
Delhi,14,44.0,88.0,33.9,57.0,8.7
Delhi,15,44.6,94.3,34.0,54.0,9.3
Delhi,16,44.7,100.4,32.8,60.0,11.1
Delhi,17,45.9,132.7,32.2,67.0,5.9
Delhi,18,49.4,112.5,32.0,72.0,3.4
Delhi,19,55.5,109.4,31.3,77.0,3.0
Delhi,20,60.5,111.1,30.6,80.0,3.3
Delhi,21,64.3,114.3,30.2,83.0,2.9
Delhi,22,72.9,126.7,29.8,85.0,3.2
Delhi,23,81.7,135.5,29.0,82.0,7.4
Delhi,0,85.0,137.8,28.4,85.0,4.3
Delhi,1,83.8,133.2,27.9,87.0,9.9
Delhi,2,76.1,117.3,26.0,97.0,1.8
Delhi,3,61.9,92.7,25.3,99.0,6.2
Delhi,4,53.8,83.6,25.6,99.0,6.9
Delhi,5,34.6,66.4,26.9,93.0,0.8
Delhi,6,33.2,66.8,27.0,93.0,4.4
Delhi,7,37.3,74.3,27.9,90.0,2.7
Delhi,8,41.2,112.2,29.3,82.0,5.1
Delhi,9,46.0,140.2,30.8,71.0,8.6
Delhi,10,53.4,176.5,32.1,65.0,8.3
Delhi,11,63.6,216.5,31.8,65.0,8.0
Delhi,12,68.0,224.0,32.4,62.0,7.3
Delhi,13,71.2,238.0,33.0,60.0,6.8
Delhi,14,73.3,256.1,33.4,60.0,7.5
Delhi,15,73.6,266.4,33.2,61.0,7.4
Delhi,16,74.0,271.9,29.5,76.0,14.4
Delhi,17,69.4,230.0,31.7,68.0,4.4
Delhi,18,68.5,183.5,30.9,73.0,2.0
Delhi,19,76.4,162.1,29.4,83.0,7.3
Delhi,20,76.8,152.7,28.5,85.0,6.3
Delhi,21,82.7,142.0,28.2,85.0,4.5
Delhi,22,82.2,129.9,27.9,87.0,6.5
Delhi,23,86.1,122.9,29.1,86.0,7.0
Delhi,0,86.6,119.2,28.3,86.0,4.2
Delhi,1,89.2,121.5,28.1,86.0,5.0
Delhi,2,92.9,126.2,27.7,89.0,7.5
Delhi,3,95.7,132.2,27.4,90.0,5.7
Delhi,4,96.4,132.7,26.8,91.0,5.1
Delhi,5,40.7,64.3,26.5,93.0,8.0
Delhi,6,41.6,57.7,25.4,98.0,8.4
Delhi,7,34.7,53.0,26.4,95.0,4.1
Delhi,8,32.2,51.0,28.4,84.0,1.5
Delhi,9,32.2,55.8,29.8,73.0,8.1
Delhi,10,32.0,59.4,30.2,74.0,5.5
Delhi,11,32.4,61.7,30.8,71.0,8.7
Delhi,12,32.4,60.3,31.0,71.0,9.5
Delhi,13,32.9,59.1,32.4,65.0,10.3
Delhi,14,34.5,59.8,33.0,63.0,9.7
Delhi,15,35.6,61.5,33.1,62.0,8.2
Delhi,16,36.1,62.9,32.8,63.0,7.2
Delhi,17,51.2,122.9,32.9,64.0,7.7
Delhi,18,57.5,112.5,31.9,71.0,3.2
Delhi,19,72.6,132.2,31.2,77.0,2.9
Delhi,20,93.4,155.5,30.9,80.0,2.0
Delhi,21,111.1,173.2,30.2,83.0,1.7
Delhi,22,116.4,177.0,29.4,86.0,3.3
Delhi,23,88.9,139.7,28.7,88.0,0.4
Delhi,0,73.6,122.5,27.9,93.0,3.9
Delhi,1,72.9,115.0,27.9,93.0,2.8
Delhi,2,80.1,121.5,27.8,92.0,2.8
Delhi,3,85.0,127.1,27.5,90.0,1.9
Delhi,4,83.8,125.3,25.7,95.0,8.2
Delhi,5,67.1,112.5,26.7,90.0,11.0
Delhi,6,71.7,113.9,25.8,96.0,4.9
Delhi,7,68.7,115.9,26.2,95.0,3.3
Delhi,8,66.4,119.2,27.2,91.0,1.5
Delhi,9,62.4,114.8,28.6,85.0,1.1
Delhi,10,59.8,106.2,30.7,75.0,2.3
Delhi,11,56.8,99.2,29.9,74.0,7.0
Delhi,12,56.6,97.1,30.2,71.0,4.9
Delhi,13,57.9,98.5,30.8,69.0,1.6
Delhi,14,58.2,97.8,31.7,65.0,2.8
Delhi,15,57.7,95.9,32.1,63.0,5.1
Delhi,16,57.3,93.4,32.0,64.0,4.4
Delhi,17,51.3,82.7,31.5,70.0,5.9
Delhi,18,52.4,73.1,31.1,76.0,1.1
Delhi,19,51.5,70.1,30.7,78.0,0.3
Delhi,20,55.8,70.8,30.2,82.0,4.0
Delhi,21,63.8,76.6,29.4,85.0,6.4
Delhi,22,73.1,83.6,28.8,88.0,5.8
Delhi,23,83.6,91.5,28.8,88.0,3.8
Delhi,0,89.2,98.0,28.4,91.0,2.2
Delhi,1,89.4,99.2,28.1,92.0,1.3
Delhi,2,78.9,87.1,28.1,93.0,1.1
Delhi,3,66.1,74.3,28.0,93.0,1.2
Delhi,4,46.3,52.6,27.9,94.0,0.4
Delhi,5,61.5,74.5,26.1,97.0,1.8
Delhi,6,64.5,76.8,26.4,97.0,5.1
Delhi,7,65.2,79.9,26.8,97.0,3.6
Delhi,8,67.1,84.1,27.4,93.0,3.1
Delhi,9,62.6,84.8,28.9,86.0,0.6
Delhi,10,57.9,84.1,30.2,79.0,3.4
Delhi,11,60.5,93.1,31.5,66.0,4.2
Delhi,12,62.6,94.1,31.8,64.0,4.8
Delhi,13,65.2,95.9,32.4,63.0,2.8
Delhi,14,69.4,102.0,32.6,62.0,2.2
Delhi,15,71.0,103.6,32.7,62.0,2.6
Delhi,16,72.2,105.9,32.6,63.0,1.5
Delhi,17,50.8,60.8,28.4,92.0,5.9
Delhi,18,52.4,60.1,28.8,90.0,4.4
Delhi,19,57.4,63.3,28.7,91.0,3.4
Delhi,20,67.3,71.9,28.8,91.0,2.2
Delhi,21,78.0,81.5,28.5,93.0,2.7
Delhi,22,88.0,91.3,28.1,93.0,6.2
Delhi,23,97.3,100.4,28.3,91.0,4.4
Delhi,0,103.6,106.4,28.0,91.0,3.5
Delhi,1,109.4,112.0,27.7,92.0,3.9
Delhi,2,115.3,117.8,27.5,92.0,4.0
Delhi,3,120.1,122.5,27.3,93.0,3.1
Delhi,4,125.3,128.5,27.2,93.0,2.0
Delhi,5,95.9,97.1,27.6,95.0,3.1
Delhi,6,105.2,106.4,27.1,94.0,2.0
Delhi,7,98.5,100.1,26.1,98.0,4.7
Delhi,8,82.9,86.6,26.5,98.0,1.4
Delhi,9,66.1,72.6,28.2,87.0,5.5
Delhi,10,62.9,72.2,28.8,84.0,4.8
Delhi,11,65.9,77.8,29.8,84.0,3.0
Delhi,12,71.5,85.9,31.6,74.0,2.8
Delhi,13,77.3,93.6,32.3,71.0,1.7
Delhi,14,78.5,96.2,32.2,69.0,2.3
Delhi,15,78.9,97.3,32.4,67.0,3.2
Delhi,16,78.7,102.7,32.3,66.0,5.1
Delhi,17,90.8,134.1,29.9,84.0,4.3
Delhi,18,94.8,118.0,29.2,89.0,3.9
Delhi,19,111.1,129.5,28.6,94.0,7.0
Delhi,20,119.0,135.5,28.3,94.0,8.6
Delhi,21,117.1,147.1,28.1,94.0,7.9
Delhi,22,112.5,176.0,27.9,94.0,6.8
Delhi,23,106.2,185.3,29.1,91.0,7.3
Delhi,0,98.7,176.5,28.6,92.0,6.7
Delhi,1,91.7,156.9,28.3,92.0,7.4
Delhi,2,85.0,147.1,28.1,92.0,6.7
Delhi,3,82.2,140.6,27.9,91.0,5.6
Delhi,4,81.0,122.5,27.6,91.0,6.0
Delhi,5,72.4,98.7,28.7,89.0,5.6
Delhi,6,77.3,96.2,28.5,89.0,8.1
Delhi,7,74.7,103.8,29.3,86.0,2.4
Delhi,8,69.2,94.3,29.8,85.0,2.2
Delhi,9,61.9,86.1,30.1,84.0,4.3
Delhi,10,60.1,85.2,31.7,77.0,2.9
Delhi,11,61.2,85.9,33.2,59.0,1.5
Delhi,12,60.5,84.3,32.8,59.0,7.2
Delhi,13,64.0,88.2,30.6,72.0,8.3
Delhi,14,65.7,97.6,31.4,70.0,5.0
Delhi,15,66.4,94.3,31.6,70.0,5.4
Delhi,16,63.1,87.8,31.9,69.0,4.4
Delhi,17,60.8,79.6,30.5,76.0,4.5
Delhi,18,70.8,84.5,30.2,79.0,3.6
Delhi,19,86.6,98.7,29.9,83.0,2.3
Delhi,20,95.9,110.1,29.5,85.0,4.4
Delhi,21,97.6,111.5,29.2,85.0,5.1
Delhi,22,102.2,111.5,29.1,85.0,6.0
Delhi,23,106.4,115.3,29.5,85.0,6.9
Delhi,0,108.7,119.7,28.8,88.0,7.0
Delhi,1,112.7,126.2,28.4,89.0,5.8
Delhi,2,114.8,132.7,28.0,89.0,4.0
Delhi,3,114.6,140.2,28.0,89.0,5.0
Delhi,4,112.7,149.9,28.3,84.0,7.7
Delhi,5,54.6,116.6,26.5,91.0,11.7
Delhi,6,51.3,109.9,26.7,93.0,7.2
Delhi,7,51.9,105.9,27.7,92.0,5.1
Delhi,8,53.9,136.0,29.4,80.0,6.1
Delhi,9,66.1,246.8,30.9,70.0,9.5
Delhi,10,79.6,330.6,32.1,65.0,8.7
Delhi,11,93.1,408.9,33.0,59.0,10.9
Delhi,12,104.5,489.9,33.7,56.0,10.8
Delhi,13,108.5,514.1,34.3,53.0,10.7
Delhi,14,119.0,609.1,34.6,51.0,10.7
Delhi,15,126.2,666.8,34.6,51.0,11.1
Delhi,16,130.4,687.3,34.2,52.0,11.3
Delhi,17,118.5,577.4,34.1,53.0,9.8
Delhi,18,124.8,517.8,32.6,63.0,4.3
Delhi,19,141.6,564.4,31.8,69.0,3.4
Delhi,20,160.7,588.6,31.4,71.0,2.8
Delhi,21,170.9,573.7,30.7,73.0,3.8
Delhi,22,177.9,556.9,30.0,77.0,3.5
Delhi,23,177.4,517.8,30.3,75.0,5.6
Delhi,0,165.3,458.2,29.5,76.0,5.5
Delhi,1,146.7,383.7,29.1,77.0,5.7
Delhi,2,124.8,303.6,28.8,77.0,6.7
Delhi,3,102.7,263.6,28.4,78.0,8.2
Delhi,4,85.0,266.4,28.2,78.0,9.8
Delhi,5,81.5,380.9,28.7,76.0,11.9
Delhi,6,85.4,424.7,28.4,76.0,11.9
Delhi,7,95.2,489.9,29.0,73.0,11.2
Delhi,8,103.8,542.0,30.0,69.0,12.1
Delhi,9,111.5,599.8,31.2,63.0,11.9
Delhi,10,118.7,642.6,32.5,59.0,11.4
Delhi,11,122.9,663.1,34.0,53.0,10.6
Delhi,12,122.0,648.2,34.9,50.0,9.8
Delhi,13,120.1,629.6,35.6,47.0,9.3
Delhi,14,118.5,612.8,35.9,45.0,9.5
Delhi,15,117.1,603.5,35.8,45.0,10.4
Delhi,16,114.6,577.4,35.3,46.0,10.9
Delhi,17,91.0,419.1,34.9,47.0,9.0
Delhi,18,95.7,352.0,33.9,51.0,6.1
Delhi,19,108.7,364.1,33.2,61.0,0.9
Delhi,20,120.1,372.5,32.4,63.0,1.2
Delhi,21,128.1,366.9,31.4,68.0,3.3
Delhi,22,136.0,357.6,31.1,70.0,4.1
Delhi,23,136.9,341.8,31.3,71.0,3.2
Delhi,0,130.4,320.4,30.4,74.0,3.1
Delhi,1,117.6,297.1,30.0,74.0,7.0
Delhi,2,98.7,295.2,29.8,71.0,8.8
Delhi,3,82.7,303.6,29.4,70.0,8.4
Delhi,4,72.2,299.0,28.9,70.0,8.4
Delhi,5,80.8,421.0,29.3,68.0,11.5
Delhi,6,84.3,440.5,28.8,69.0,10.1
Delhi,7,95.2,476.8,29.5,67.0,8.6
Delhi,8,101.5,530.9,30.7,62.0,10.4
Delhi,9,108.0,571.8,32.0,58.0,9.8
Delhi,10,114.6,603.5,33.5,53.0,9.7
Delhi,11,119.0,625.8,34.5,48.0,9.4
Delhi,12,100.8,478.7,35.2,45.0,7.6
Delhi,13,93.1,422.8,34.8,45.0,7.1
Delhi,14,88.7,393.9,34.2,48.0,5.7
Delhi,15,85.0,373.5,34.8,46.0,5.3
Delhi,16,82.7,347.4,34.8,45.0,6.2
Delhi,17,75.4,276.6,34.3,48.0,3.5
Delhi,18,84.3,228.2,33.3,52.0,3.7
Delhi,19,97.8,241.2,32.3,60.0,2.7
Delhi,20,109.9,241.2,31.6,65.0,4.5
Delhi,21,113.2,225.4,30.8,71.0,5.2
Delhi,22,109.9,201.2,30.4,73.0,5.0
Delhi,23,101.7,175.1,30.9,71.0,5.5
Delhi,0,94.5,165.8,30.2,72.0,6.2
Delhi,1,89.9,170.4,29.8,72.0,6.1
Delhi,2,89.9,207.7,29.6,69.0,7.6
Delhi,3,90.3,266.4,29.2,67.0,7.9
Delhi,4,88.2,323.2,28.8,67.0,8.3
Delhi,5,102.2,540.2,29.2,65.0,12.6
Delhi,6,104.5,534.6,28.7,67.0,11.9
Delhi,7,108.0,534.6,28.9,65.0,11.2
Delhi,8,108.0,556.9,29.7,62.0,11.6
Delhi,9,111.8,594.2,30.3,60.0,10.0
Delhi,10,120.1,631.4,32.3,54.0,10.1
Delhi,11,128.5,665.0,34.0,48.0,10.8
Delhi,12,127.1,640.7,34.2,48.0,8.6
Delhi,13,116.9,571.8,34.9,45.0,7.0
Delhi,14,107.1,512.2,34.9,45.0,7.2
Delhi,15,103.4,488.0,35.1,44.0,8.2
Delhi,16,98.5,444.2,34.5,47.0,9.5
Delhi,17,84.3,372.5,34.0,50.0,7.5
Delhi,18,86.6,332.5,33.2,52.0,5.7
Delhi,19,95.7,315.7,32.5,58.0,2.5
Delhi,20,107.1,327.8,32.1,63.0,0.0
Delhi,21,119.7,348.3,31.3,66.0,2.5
Delhi,22,135.0,369.7,30.4,74.0,4.3
Delhi,23,146.2,381.8,31.3,66.0,3.2
Delhi,0,147.1,366.9,30.2,72.0,4.0
Delhi,1,142.0,341.8,29.8,73.0,5.3
Delhi,2,136.4,320.4,29.6,70.0,6.1
Delhi,3,129.9,297.1,29.0,70.0,5.6
Delhi,4,122.5,285.9,28.5,72.0,5.3
Delhi,5,78.0,385.6,28.9,68.0,10.3
Delhi,6,80.8,373.5,28.3,72.0,8.8
Delhi,7,84.3,357.6,28.9,70.0,8.0
Delhi,8,81.0,393.9,30.0,66.0,9.7
Delhi,9,76.8,375.3,31.4,61.0,9.2
Delhi,10,75.4,363.2,32.8,55.0,7.4
Delhi,11,67.1,300.8,33.0,52.0,6.6
Delhi,12,60.3,247.7,33.9,49.0,5.5
Delhi,13,58.1,231.9,34.5,47.0,5.8
Delhi,14,58.7,228.6,31.8,60.0,10.6
Delhi,15,61.2,242.1,31.8,63.0,4.2
Delhi,16,61.2,231.9,30.2,69.0,10.4
Delhi,17,57.6,177.4,32.1,62.0,2.1
Delhi,18,61.9,150.9,31.2,64.0,6.8
Delhi,19,61.0,116.6,30.0,72.0,8.7
Delhi,20,58.2,99.4,29.7,73.0,3.8
Delhi,21,56.9,88.9,29.6,74.0,2.4
Delhi,22,55.2,80.3,29.3,77.0,2.0
Delhi,23,52.5,72.4,28.1,76.0,8.6
Delhi,0,48.8,65.7,27.0,85.0,4.6
Delhi,1,46.9,60.1,26.3,89.0,5.3
Delhi,2,45.3,55.3,26.2,90.0,1.9
Delhi,3,44.1,51.9,26.2,90.0,0.9
Delhi,4,44.2,50.5,26.2,89.0,2.6
Delhi,5,47.0,63.8,25.8,89.0,1.8
Delhi,6,50.9,65.9,25.4,91.0,2.5
Delhi,7,46.4,72.6,26.4,86.0,1.3
Delhi,8,43.4,81.0,28.2,76.0,3.1
Delhi,9,45.8,99.4,30.0,69.0,3.4
Delhi,10,49.0,112.5,31.6,62.0,2.7
Delhi,11,49.9,117.1,29.7,73.0,10.7
Delhi,12,48.4,114.6,27.9,86.0,0.8
Delhi,13,46.6,116.6,27.3,87.0,4.6
Delhi,14,57.9,147.1,28.8,82.0,3.6
Delhi,15,39.3,91.5,29.2,78.0,5.8
Delhi,16,35.2,72.4,29.4,76.0,5.6
Delhi,17,35.4,72.9,30.9,62.0,9.9
Delhi,18,37.8,60.5,29.4,69.0,8.1
Delhi,19,49.2,66.6,28.8,72.0,6.0
Delhi,20,51.8,63.3,28.4,75.0,5.4
Delhi,21,48.4,56.1,28.1,79.0,4.9
Delhi,22,43.7,48.4,27.8,83.0,5.1
Delhi,23,40.2,43.0,27.9,84.0,5.4
Delhi,0,35.6,37.4,27.0,87.0,8.6
Delhi,1,31.8,32.9,26.5,88.0,6.9
Delhi,2,29.2,29.9,26.1,91.0,5.4
Delhi,3,28.5,28.9,25.9,92.0,4.9
Delhi,4,28.1,28.3,25.9,92.0,4.5
Delhi,5,12.0,12.0,25.9,96.0,2.7
Delhi,6,12.4,12.5,26.0,97.0,3.3
Delhi,7,12.8,12.9,26.8,93.0,4.0
Delhi,8,13.1,13.2,28.2,84.0,5.3
Delhi,9,15.1,15.3,29.3,81.0,5.9
Delhi,10,16.9,23.9,30.4,76.0,6.3
Delhi,11,17.6,28.5,30.9,69.0,6.7
Delhi,12,17.2,22.9,31.7,65.0,8.5
Delhi,13,18.1,21.7,31.8,63.0,9.1
Delhi,14,19.0,21.5,32.1,61.0,7.7
Delhi,15,21.0,26.1,32.3,59.0,6.4
Delhi,16,22.5,25.7,32.3,59.0,6.5
Delhi,17,25.3,25.5,28.7,83.0,7.6
Delhi,18,30.3,30.5,28.1,85.0,4.6
Delhi,19,41.4,41.7,27.8,87.0,3.0
Delhi,20,52.0,52.3,27.6,89.0,5.2
Delhi,21,66.4,66.6,27.5,89.0,4.1
Delhi,22,67.8,68.0,27.4,91.0,3.2
Delhi,23,64.3,64.7,28.9,86.0,3.2
Delhi,0,61.7,61.9,28.3,84.0,0.3
Delhi,1,59.3,59.6,27.6,90.0,2.3
Delhi,2,58.2,58.7,27.4,91.0,5.9
Delhi,3,56.9,57.3,27.0,92.0,4.9
Delhi,4,54.7,55.2,26.8,93.0,5.4
Delhi,5,51.8,52.2,25.8,100.0,8.5
Delhi,6,48.0,48.3,25.7,98.0,7.6
Delhi,7,44.9,45.4,26.0,96.0,7.8
Delhi,8,46.9,47.4,27.0,89.0,6.9
Delhi,9,41.3,41.7,28.9,79.0,7.9
Delhi,10,38.4,38.8,29.9,76.0,7.4
Delhi,11,33.4,33.8,29.6,78.0,8.3
Delhi,12,31.9,32.4,30.0,77.0,3.3
Delhi,13,31.1,31.5,29.3,78.0,8.6
Delhi,14,30.9,31.2,28.8,82.0,6.3
Delhi,15,30.9,31.3,29.3,80.0,6.0
Delhi,16,31.0,31.4,29.4,79.0,5.3
Delhi,17,48.9,67.1,28.9,76.0,5.5
Delhi,18,51.9,57.9,28.1,82.0,3.6
Delhi,19,54.6,55.8,27.7,86.0,4.8
Delhi,20,52.2,52.3,27.5,90.0,5.1
Delhi,21,45.9,46.1,27.3,93.0,5.8
Delhi,22,39.2,39.5,26.9,95.0,5.3
Delhi,23,34.6,34.7,27.1,93.0,7.1
Delhi,0,27.9,28.1,26.7,96.0,7.2
Delhi,1,23.1,23.2,26.6,96.0,6.8
Delhi,2,18.2,18.3,26.2,95.0,9.2
Delhi,3,15.0,15.1,26.0,96.0,6.9
Delhi,4,13.7,13.8,25.8,97.0,6.8
Delhi,5,18.0,18.2,25.4,97.0,15.5
Delhi,6,20.4,20.5,25.0,96.0,8.9
Delhi,7,24.9,25.0,25.6,96.0,3.6
Delhi,8,25.7,25.8,26.2,92.0,6.5
Delhi,9,24.2,24.4,27.0,90.0,4.3
Delhi,10,22.8,22.9,27.9,85.0,5.3
Delhi,11,22.4,22.6,28.5,84.0,6.1
Delhi,12,23.7,24.0,27.7,88.0,8.3
Delhi,13,24.2,24.5,26.3,92.0,5.1
Delhi,14,24.7,25.3,26.2,95.0,6.4
Delhi,15,26.1,26.7,27.3,91.0,6.5
Delhi,16,28.2,28.8,27.4,91.0,6.0
Delhi,17,38.3,39.6,27.5,89.0,5.2
Delhi,18,44.0,44.8,27.4,91.0,4.6
Delhi,19,48.2,48.9,27.1,92.0,6.5
Delhi,20,49.5,50.1,27.0,90.0,6.0
Delhi,21,48.3,48.9,26.8,90.0,5.4
Delhi,22,47.0,47.5,26.6,90.0,3.3
Delhi,23,47.1,47.6,26.8,88.0,3.3
Delhi,0,46.4,46.9,26.4,90.0,4.1
Delhi,1,44.9,45.3,26.1,92.0,5.0
Delhi,2,45.8,46.1,25.6,95.0,6.3
Delhi,3,47.0,47.5,25.3,96.0,7.8
Delhi,4,46.3,46.7,25.1,96.0,6.9
Delhi,5,45.5,45.9,25.1,98.0,5.0
Delhi,6,50.1,50.3,24.8,98.0,2.7
Delhi,7,43.8,44.1,24.4,98.0,7.7
Delhi,8,34.6,34.9,25.0,94.0,6.5
Delhi,9,30.2,30.5,25.6,92.0,6.0
Delhi,10,26.9,27.1,26.3,89.0,6.8
Delhi,11,25.1,25.3,26.4,92.0,7.7
Delhi,12,23.1,23.3,25.7,94.0,11.4
Delhi,13,23.3,23.5,25.5,94.0,11.7
Delhi,14,23.5,23.6,25.8,90.0,8.8
Delhi,15,22.7,23.1,25.6,90.0,6.6
Delhi,16,22.4,22.8,26.5,83.0,2.8
Delhi,17,23.6,23.7,28.0,80.0,6.3
Delhi,18,29.4,29.9,27.3,84.0,3.8
Delhi,19,40.3,40.5,26.8,87.0,1.4
Delhi,20,50.4,50.5,26.6,89.0,1.7
Delhi,21,53.6,53.6,26.4,90.0,0.4
Delhi,22,59.8,59.8,25.9,93.0,2.2
Delhi,23,69.4,69.4,26.4,90.0,0.4
Delhi,0,75.4,75.4,25.9,92.0,0.2
Delhi,1,77.1,77.1,25.6,92.0,1.2
Delhi,2,79.6,79.6,25.4,93.0,3.0
Delhi,3,81.5,81.5,25.2,93.0,3.0
Delhi,4,84.5,84.8,24.9,94.0,4.3
Delhi,5,78.2,78.2,25.8,94.0,3.4
Delhi,6,83.1,83.1,25.4,96.0,5.4
Delhi,7,73.3,73.8,26.4,92.0,4.8
Delhi,8,51.1,53.3,27.9,85.0,3.5
Delhi,9,41.6,53.3,29.3,77.0,5.4
Delhi,10,46.8,64.7,30.4,72.0,4.0
Delhi,11,54.7,76.8,31.3,64.0,2.9
Delhi,12,59.6,78.9,32.0,61.0,2.3
Delhi,13,61.0,79.2,32.5,58.0,3.8
Delhi,14,59.6,76.6,32.3,58.0,8.2
Delhi,15,58.0,75.7,31.2,59.0,5.3
Delhi,16,54.0,72.6,31.2,61.0,5.3
Delhi,17,68.2,87.8,31.9,60.0,5.4
Delhi,18,82.2,97.8,30.9,68.0,1.6
Delhi,19,99.7,115.0,30.2,70.0,0.9
Delhi,20,105.2,118.5,29.3,75.0,1.0
Delhi,21,99.9,111.1,28.3,81.0,3.0
Delhi,22,100.1,110.8,27.9,82.0,4.6
Delhi,23,99.7,110.6,27.8,85.0,3.6
Delhi,0,98.7,109.4,27.1,85.0,4.8
Delhi,1,98.3,109.0,26.6,83.0,5.9
Delhi,2,96.6,108.0,26.2,84.0,5.4
Delhi,3,92.7,104.5,25.9,85.0,4.9
Delhi,4,87.5,100.1,25.7,86.0,5.2
Delhi,5,116.2,133.2,26.2,79.0,6.3
Delhi,6,99.0,113.4,26.3,79.0,3.8
Delhi,7,88.9,99.9,26.9,79.0,7.8
Delhi,8,61.9,75.4,28.1,76.0,7.3
Delhi,9,47.0,68.2,29.7,69.0,9.0
Delhi,10,39.9,63.8,30.4,67.0,10.0
Delhi,11,37.3,62.2,32.1,60.0,10.2
Delhi,12,35.0,55.1,32.5,57.0,10.8
Delhi,13,34.8,58.1,32.0,60.0,10.9
Delhi,14,34.6,59.6,32.5,61.0,9.9
Delhi,15,34.7,62.4,32.7,59.0,9.8
Delhi,16,40.7,107.8,32.6,57.0,9.4
Delhi,17,44.4,114.3,31.8,65.0,6.1
Delhi,18,49.4,104.3,31.0,69.0,3.4
Delhi,19,53.2,101.7,30.5,71.0,4.1
Delhi,20,56.8,109.0,29.7,76.0,4.3
Delhi,21,62.2,122.5,29.2,78.0,3.5
Delhi,22,68.2,136.4,28.8,80.0,3.5
Delhi,23,73.1,145.8,29.2,79.0,4.9
Delhi,0,74.5,147.6,28.4,82.0,5.0
Delhi,1,73.8,145.3,27.7,85.0,4.7
Delhi,2,72.4,140.2,27.3,86.0,5.5
Delhi,3,70.1,139.7,27.1,85.0,5.0
Delhi,4,67.1,143.0,26.8,82.0,7.5
Delhi,5,54.0,169.0,27.9,81.0,8.5
Delhi,6,49.0,136.9,27.5,75.0,10.4
Delhi,7,48.7,143.4,28.2,72.0,11.5
Delhi,8,52.3,165.3,29.2,71.0,10.0
Delhi,9,59.1,232.4,30.2,67.0,11.8
Delhi,10,65.9,267.3,31.3,64.0,11.2
Delhi,11,72.6,299.0,32.9,54.0,13.3
Delhi,12,74.7,309.2,33.4,52.0,12.0
Delhi,13,74.0,309.2,33.7,51.0,11.4
Delhi,14,74.5,317.6,33.9,49.0,11.5
Delhi,15,75.7,330.6,33.7,49.0,11.5
Delhi,16,77.5,333.4,33.2,52.0,9.6
Delhi,17,70.8,273.8,33.3,53.0,7.8
Delhi,18,76.1,248.7,31.7,62.0,4.4
Delhi,19,83.6,244.9,30.8,68.0,4.1
Delhi,20,92.0,256.1,30.3,69.0,4.4
Delhi,21,100.4,276.6,29.5,73.0,3.9
Delhi,22,109.2,296.2,28.8,78.0,3.6
Delhi,23,116.4,305.5,29.0,80.0,3.8
Delhi,0,121.5,306.4,28.5,81.0,4.1
Delhi,1,123.9,295.2,28.2,81.0,5.1
Delhi,2,117.8,268.2,27.8,83.0,4.4
Delhi,3,107.1,234.2,27.5,83.0,4.6
Delhi,4,96.4,202.1,27.3,84.0,4.0
Delhi,5,61.5,131.3,28.1,78.0,6.5
Delhi,6,61.0,128.1,27.6,81.0,7.3
Delhi,7,61.2,124.3,28.0,80.0,6.3
Delhi,8,58.2,131.3,29.6,72.0,8.3
Delhi,9,56.8,148.5,31.0,64.0,10.2
Delhi,10,56.9,171.4,32.1,60.0,9.2
Delhi,11,56.8,183.5,33.9,51.0,11.1
Delhi,12,52.4,161.6,34.3,48.0,11.2
Delhi,13,54.8,183.9,34.6,46.0,11.0
Delhi,14,55.8,197.0,34.6,45.0,11.1
Delhi,15,57.7,212.8,34.4,47.0,11.2
Delhi,16,59.3,213.7,33.8,49.0,10.0
Delhi,17,60.5,245.9,33.7,49.0,10.7
Delhi,18,65.4,242.1,32.0,57.0,6.4
Delhi,19,71.2,236.6,31.0,63.0,5.2
Delhi,20,77.1,244.9,30.2,67.0,5.1
Delhi,21,83.6,255.2,29.5,70.0,4.4
Delhi,22,90.3,265.4,29.1,70.0,4.2
Delhi,23,95.0,255.2,29.3,73.0,4.1
Mumbai,0,14.2,36.8,26.1,91.0,2.7
Mumbai,1,12.9,31.9,25.8,93.0,5.4
Mumbai,2,13.7,36.0,25.9,93.0,7.3
Mumbai,3,13.9,37.3,26.0,93.0,4.3
Mumbai,4,14.5,38.9,26.1,92.0,8.0
Mumbai,5,13.8,36.2,26.5,89.0,10.7
Mumbai,6,16.1,43.8,26.2,91.0,9.8
Mumbai,7,17.2,44.5,26.5,92.0,11.2
Mumbai,8,17.4,43.1,26.5,91.0,14.2
Mumbai,9,17.3,43.7,26.4,90.0,16.6
Mumbai,10,18.7,45.8,27.5,87.0,15.7
Mumbai,11,18.9,46.2,28.4,80.0,16.0
Mumbai,12,19.2,46.9,29.0,77.0,18.2
Mumbai,13,19.0,46.6,28.5,81.0,15.1
Mumbai,14,18.9,45.2,28.8,82.0,15.7
Mumbai,15,18.0,44.8,28.0,80.0,17.0
Mumbai,16,17.5,43.0,28.1,81.0,17.8
Mumbai,17,20.0,53.3,26.8,93.0,11.1
Mumbai,18,21.1,59.1,26.7,92.0,12.1
Mumbai,19,22.6,63.3,26.3,92.0,11.1
Mumbai,20,23.3,69.4,26.2,93.0,5.9
Mumbai,21,22.3,65.2,26.3,93.0,5.0
Mumbai,22,21.4,61.0,26.6,92.0,6.5
Mumbai,23,21.0,59.8,26.6,89.0,7.8
Mumbai,0,18.4,51.6,26.4,92.0,7.4
Mumbai,1,15.7,41.1,26.4,93.0,8.1
Mumbai,2,14.6,39.3,25.8,93.0,9.6
Mumbai,3,14.0,37.7,25.9,95.0,5.8
Mumbai,4,13.9,37.6,25.9,93.0,8.5
Mumbai,5,13.2,36.2,26.3,91.0,7.0
Mumbai,6,14.1,38.0,26.8,92.0,10.3
Mumbai,7,15.7,39.6,27.4,85.0,11.9
Mumbai,8,17.6,43.4,28.1,80.0,12.7
Mumbai,9,19.7,49.5,28.8,78.0,13.2
Mumbai,10,19.4,45.1,29.0,80.0,15.8
Mumbai,11,18.9,42.4,28.5,82.0,18.0
Mumbai,12,17.6,36.3,29.4,78.0,18.2
Mumbai,13,16.6,34.6,29.6,71.0,20.9
Mumbai,14,15.0,29.3,29.5,77.0,21.4
Mumbai,15,14.2,29.7,29.2,77.0,21.6
Mumbai,16,13.6,26.3,28.9,77.0,20.9
Mumbai,17,16.7,39.8,28.8,78.0,21.9
Mumbai,18,18.0,45.6,28.2,83.0,19.5
Mumbai,19,19.7,49.4,27.9,84.0,18.2
Mumbai,20,21.8,58.2,27.8,84.0,18.6
Mumbai,21,22.2,59.6,27.5,86.0,17.3
Mumbai,22,22.8,62.9,27.2,86.0,17.3
Mumbai,23,22.1,58.7,27.5,88.0,14.9
Mumbai,0,21.5,57.4,26.6,89.0,15.9
Mumbai,1,20.8,56.6,27.0,89.0,15.6
Mumbai,2,21.1,60.5,27.1,88.0,15.4
Mumbai,3,19.6,53.9,27.2,86.0,16.5
Mumbai,4,19.4,56.2,26.8,88.0,16.8
Mumbai,5,18.3,54.5,26.9,89.0,18.4
Mumbai,6,18.7,51.5,27.7,83.0,19.9
Mumbai,7,21.0,58.3,27.8,82.0,19.8
Mumbai,8,21.1,53.2,28.4,78.0,18.8
Mumbai,9,19.1,48.3,28.9,74.0,21.1
Mumbai,10,19.3,49.2,28.8,76.0,23.4
Mumbai,11,19.6,47.5,29.5,73.0,22.2
Mumbai,12,17.6,39.7,29.2,80.0,23.8
Mumbai,13,17.2,39.7,29.3,76.0,25.0
Mumbai,14,17.5,39.9,29.0,75.0,25.1
Mumbai,15,17.2,38.5,28.9,75.0,24.9
Mumbai,16,16.3,35.9,27.7,84.0,23.4
Mumbai,17,17.6,43.2,28.3,81.0,20.5
Mumbai,18,18.0,43.4,27.8,81.0,20.9
Mumbai,19,18.0,45.9,27.9,82.0,21.2
Mumbai,20,17.8,45.4,27.5,84.0,19.8
Mumbai,21,16.9,41.9,27.6,86.0,20.5
Mumbai,22,15.1,36.3,27.3,87.0,20.2
Mumbai,23,14.4,34.7,26.5,91.0,19.3
Mumbai,0,14.4,37.6,27.4,83.0,19.7
Mumbai,1,13.4,32.1,26.9,88.0,19.0
Mumbai,2,14.1,36.1,26.4,90.0,16.2
Mumbai,3,14.8,39.0,26.9,87.0,14.8
Mumbai,4,14.7,36.7,27.0,85.0,13.9
Mumbai,5,13.3,31.4,27.7,84.0,18.3
Mumbai,6,14.2,35.7,26.5,92.0,18.4
Mumbai,7,15.0,35.0,26.9,90.0,15.1
Mumbai,8,17.1,42.1,27.2,86.0,15.9
Mumbai,9,15.9,34.8,27.2,88.0,14.5
Mumbai,10,15.4,32.9,27.9,85.0,15.3
Mumbai,11,15.1,31.2,28.2,84.0,15.7
Mumbai,12,15.8,32.4,28.0,83.0,18.6
Mumbai,13,17.3,38.2,27.8,84.0,19.8
Mumbai,14,19.0,44.0,27.9,84.0,18.2
Mumbai,15,18.6,41.1,27.1,88.0,19.7
Mumbai,16,18.7,41.1,27.6,86.0,16.4
Mumbai,17,22.5,51.8,27.0,86.0,18.4
Mumbai,18,21.1,48.9,27.7,83.0,18.4
Mumbai,19,20.6,46.8,27.6,84.0,20.2
Mumbai,20,20.4,47.3,27.5,85.0,18.8
Mumbai,21,20.6,49.5,27.6,84.0,18.6
Mumbai,22,21.1,52.3,27.7,83.0,18.6
Mumbai,23,21.1,54.2,27.2,84.0,16.8
Mumbai,0,21.0,56.7,27.6,81.0,19.8
Mumbai,1,19.2,48.1,27.4,83.0,19.3
Mumbai,2,19.1,51.1,27.3,85.0,19.1
Mumbai,3,18.6,50.2,27.2,84.0,19.2
Mumbai,4,15.6,36.8,27.1,84.0,18.2
Mumbai,5,16.0,40.6,27.3,87.0,20.5
Mumbai,6,15.2,34.6,27.4,85.0,18.6
Mumbai,7,16.1,35.5,27.5,87.0,19.3
Mumbai,8,16.3,32.5,27.1,88.0,19.8
Mumbai,9,15.8,31.1,27.4,89.0,20.9
Mumbai,10,15.2,29.9,26.8,92.0,19.1
Mumbai,11,15.0,29.5,27.7,90.0,23.7
Mumbai,12,15.1,32.6,28.0,89.0,20.9
Mumbai,13,14.0,29.0,27.9,89.0,21.8
Mumbai,14,13.2,25.6,27.4,88.0,21.9
Mumbai,15,12.7,25.4,28.2,88.0,20.5
Mumbai,16,12.7,25.4,26.8,89.0,22.3
Mumbai,17,14.1,30.0,28.4,77.0,22.6
Mumbai,18,13.8,29.9,28.0,77.0,20.2
Mumbai,19,13.6,28.9,27.5,85.0,20.9
Mumbai,20,13.4,28.9,27.4,88.0,20.5
Mumbai,21,13.4,28.2,27.5,87.0,20.8
Mumbai,22,14.2,29.7,27.6,86.0,21.5
Mumbai,23,15.0,32.5,26.9,86.0,20.0
Mumbai,0,14.3,33.4,27.6,83.0,19.7
Mumbai,1,14.4,34.8,27.7,84.0,21.7
Mumbai,2,14.3,33.9,27.1,87.0,18.6
Mumbai,3,13.9,32.0,26.9,89.0,19.6
Mumbai,4,14.7,35.0,27.3,88.0,20.6
Mumbai,5,15.3,37.1,27.1,87.0,20.3
Mumbai,6,17.6,47.8,27.7,81.0,22.3
Mumbai,7,16.8,39.8,28.0,80.0,22.1
Mumbai,8,18.9,46.8,28.1,80.0,24.8
Mumbai,9,18.9,42.4,28.7,80.0,22.5
Mumbai,10,18.5,39.1,28.8,80.0,24.1
Mumbai,11,17.2,38.2,26.6,90.0,20.4
Mumbai,12,17.4,39.1,27.9,84.0,16.9
Mumbai,13,17.4,37.7,28.4,80.0,22.1
Mumbai,14,18.7,46.4,28.3,82.0,25.1
Mumbai,15,17.8,40.9,28.4,78.0,25.3
Mumbai,16,18.1,45.6,28.7,78.0,24.1
Mumbai,17,17.9,42.8,28.4,79.0,23.3
Mumbai,18,17.1,41.1,28.1,81.0,22.5
Mumbai,19,17.8,43.4,28.2,80.0,22.2
Mumbai,20,17.3,42.7,27.5,86.0,20.2
Mumbai,21,18.4,50.4,27.9,85.0,21.0
Mumbai,22,15.7,38.4,27.4,82.0,21.1
Mumbai,23,14.9,35.0,28.0,80.0,22.0
Mumbai,0,15.3,41.2,27.9,81.0,22.1
Mumbai,1,15.8,39.5,27.6,82.0,20.7
Mumbai,2,13.5,32.2,27.2,83.0,19.9
Mumbai,3,13.2,31.1,26.7,86.0,16.8
Mumbai,4,12.5,29.6,27.1,85.0,17.3
Mumbai,5,12.2,29.4,27.0,88.0,18.9
Mumbai,6,12.4,29.8,27.0,86.0,20.4
Mumbai,7,13.4,33.4,27.3,84.0,20.7
Mumbai,8,14.6,34.8,27.9,84.0,19.1
Mumbai,9,14.9,33.5,27.3,84.0,20.0
Mumbai,10,16.7,38.8,28.7,82.0,15.6
Mumbai,11,17.4,38.9,26.7,85.0,20.1
Mumbai,12,18.0,38.6,29.2,79.0,20.0
Mumbai,13,18.9,39.0,28.2,80.0,19.6
Mumbai,14,17.3,36.2,28.7,79.0,19.7
Mumbai,15,16.1,34.7,27.2,87.0,16.4
Mumbai,16,15.4,33.8,28.1,84.0,17.9
Mumbai,17,21.5,49.7,28.7,76.0,19.9
Mumbai,18,21.5,51.3,28.3,80.0,19.8
Mumbai,19,19.4,46.7,26.5,86.0,19.0
Mumbai,20,18.8,45.8,26.8,88.0,19.4
Mumbai,21,18.5,48.5,26.5,88.0,14.3
Mumbai,22,17.9,44.2,26.5,87.0,10.4
Mumbai,23,16.6,41.3,26.3,91.0,16.5
Mumbai,0,15.7,39.0,26.4,90.0,12.2
Mumbai,1,14.3,34.7,26.0,92.0,15.5
Mumbai,2,13.8,33.1,26.5,90.0,17.1
Mumbai,3,13.5,31.1,26.4,88.0,12.7
Mumbai,4,13.4,29.7,25.9,91.0,14.4
Mumbai,5,16.1,38.8,26.4,90.0,16.6
Mumbai,6,17.1,42.3,26.5,89.0,15.3
Mumbai,7,18.6,47.4,27.3,90.0,12.6
Mumbai,8,20.5,48.5,26.8,89.0,9.8
Mumbai,9,21.8,47.5,28.0,83.0,12.1
Mumbai,10,21.7,53.0,28.4,79.0,13.2
Mumbai,11,21.8,52.9,29.1,78.0,16.3
Mumbai,12,22.5,49.6,29.2,75.0,19.1
Mumbai,13,21.0,43.9,29.1,73.0,18.7
Mumbai,14,21.7,49.2,29.5,71.0,19.3
Mumbai,15,21.4,46.0,29.1,73.0,18.6
Mumbai,16,20.1,40.3,28.2,76.0,15.8
Mumbai,17,18.2,38.0,28.4,79.0,15.7
Mumbai,18,19.2,40.5,26.8,88.0,14.4
Mumbai,19,19.7,41.4,27.2,90.0,10.8
Mumbai,20,17.6,39.0,27.0,88.0,13.2
Mumbai,21,16.1,35.3,26.2,89.0,13.7
Mumbai,22,16.3,37.7,26.9,91.0,11.5
Mumbai,23,16.1,37.7,27.2,86.0,11.8
Mumbai,0,14.1,31.3,27.3,83.0,13.9
Mumbai,1,16.6,43.5,27.4,78.0,12.8
Mumbai,2,14.5,35.3,26.1,84.0,9.5
Mumbai,3,13.0,30.2,26.2,88.0,7.8
Mumbai,4,12.7,29.8,25.6,91.0,8.4
Mumbai,5,14.2,31.5,26.9,86.0,16.3
Mumbai,6,14.8,33.9,27.1,85.0,18.2
Mumbai,7,16.8,40.2,27.5,83.0,13.6
Mumbai,8,18.6,42.0,28.0,79.0,14.6
Mumbai,9,19.4,45.2,28.8,74.0,15.6
Mumbai,10,21.1,49.4,29.0,70.0,15.5
Mumbai,11,22.8,49.8,29.2,73.0,16.2
Mumbai,12,24.7,49.9,29.3,73.0,18.8
Mumbai,13,23.2,46.9,29.4,70.0,18.2
Mumbai,14,21.6,43.4,28.9,73.0,16.4
Mumbai,15,20.7,41.1,28.2,77.0,15.2
Mumbai,16,20.0,39.6,28.2,77.0,15.1
Mumbai,17,18.0,41.4,26.9,88.0,12.5
Mumbai,18,19.8,46.3,26.7,90.0,11.5
Mumbai,19,20.1,47.8,26.2,91.0,12.0
Mumbai,20,19.8,46.7,26.6,90.0,8.8
Mumbai,21,19.2,44.6,26.5,89.0,10.4
Mumbai,22,18.5,43.0,26.4,89.0,9.9
Mumbai,23,18.2,44.5,26.3,89.0,10.9
Mumbai,0,17.8,43.5,25.8,92.0,8.1
Mumbai,1,17.2,42.3,25.8,92.0,11.3
Mumbai,2,15.8,38.5,25.6,92.0,13.6
Mumbai,3,14.7,35.0,25.7,93.0,10.4
Mumbai,4,14.1,33.9,25.4,93.0,9.2
Mumbai,5,14.6,38.1,26.8,89.0,15.0
Mumbai,6,13.8,35.0,27.0,87.0,13.7
Mumbai,7,14.2,32.6,26.9,83.0,13.1
Mumbai,8,16.1,37.8,26.7,87.0,9.1
Mumbai,9,15.7,35.3,26.8,88.0,10.3
Mumbai,10,16.2,36.4,27.3,84.0,12.6
Mumbai,11,17.7,37.8,27.9,83.0,15.1
Mumbai,12,16.9,36.4,28.3,78.0,14.5
Mumbai,13,16.1,33.6,27.5,81.0,15.6
Mumbai,14,16.5,32.5,28.0,78.0,14.4
Mumbai,15,16.9,33.5,28.2,79.0,16.4
Mumbai,16,17.2,35.5,28.0,79.0,17.5
Mumbai,17,17.8,41.9,28.2,78.0,14.9
Mumbai,18,17.4,39.5,27.6,82.0,13.7
Mumbai,19,16.9,38.5,27.5,82.0,12.5
Mumbai,20,16.9,38.3,27.6,82.0,11.6
Mumbai,21,15.9,35.9,26.8,85.0,11.4
Mumbai,22,16.0,35.9,26.8,86.0,10.1
Mumbai,23,16.7,39.3,26.9,89.0,9.0
Mumbai,0,16.9,41.6,26.4,88.0,10.3
Mumbai,1,17.3,43.2,26.4,90.0,10.4
Mumbai,2,17.2,43.2,26.0,90.0,10.3
Mumbai,3,17.3,43.8,26.4,89.0,10.0
Mumbai,4,17.2,42.7,26.7,84.0,11.0
Mumbai,5,17.9,45.4,26.6,84.0,13.4
Mumbai,6,18.6,46.7,26.4,85.0,12.4
Mumbai,7,19.2,47.7,26.2,94.0,11.1
Mumbai,8,20.1,47.7,27.7,85.0,14.2
Mumbai,9,19.5,45.8,27.8,82.0,15.7
Mumbai,10,21.0,49.9,28.7,74.0,18.2
Mumbai,11,20.7,47.0,29.2,75.0,18.7
Mumbai,12,18.5,40.5,29.2,76.0,19.8
Mumbai,13,17.3,36.9,29.2,76.0,19.8
Mumbai,14,17.2,35.3,29.3,74.0,20.2
Mumbai,15,17.3,35.3,29.1,73.0,19.4
Mumbai,16,17.2,35.2,28.8,74.0,18.2
Mumbai,17,19.4,44.5,28.4,81.0,16.3
Mumbai,18,18.2,42.1,27.9,81.0,17.0
Mumbai,19,17.5,41.1,27.3,86.0,17.3
Mumbai,20,17.3,40.9,27.7,83.0,17.6
Mumbai,21,16.9,40.2,27.5,83.0,18.0
Mumbai,22,16.9,40.9,27.6,82.0,17.2
Mumbai,23,15.6,36.9,27.6,82.0,19.2
Mumbai,0,13.9,32.0,27.0,85.0,18.1
Mumbai,1,13.4,30.5,26.9,84.0,17.1
Mumbai,2,13.1,29.5,27.5,78.0,16.9
Mumbai,3,12.6,27.9,27.3,80.0,17.3
Mumbai,4,11.5,24.4,27.1,84.0,16.2
Mumbai,5,11.2,24.3,26.8,89.0,15.6
Mumbai,6,11.3,24.8,27.3,83.0,16.9
Mumbai,7,11.8,25.2,27.5,81.0,19.5
Mumbai,8,12.1,24.8,27.8,81.0,21.2
Mumbai,9,12.4,25.6,28.6,79.0,19.4
Mumbai,10,13.6,26.9,29.1,74.0,19.7
Mumbai,11,16.1,31.1,29.7,65.0,18.7
Mumbai,12,14.8,28.6,29.1,73.0,19.7
Mumbai,13,15.0,28.2,29.3,72.0,20.5
Mumbai,14,15.4,27.6,28.9,75.0,19.2
Mumbai,15,15.0,26.9,29.1,75.0,19.2
Mumbai,16,15.4,28.1,28.9,75.0,19.0
Mumbai,17,19.4,42.8,28.0,80.0,17.8
Mumbai,18,18.7,40.5,27.6,86.0,13.6
Mumbai,19,18.2,38.6,27.5,85.0,13.8
Mumbai,20,17.5,37.3,27.4,86.0,14.2
Mumbai,21,17.2,37.5,27.2,87.0,14.1
Mumbai,22,16.5,36.6,27.0,85.0,13.0
Mumbai,23,15.5,33.5,26.8,88.0,12.3
Mumbai,0,14.8,32.9,27.0,85.0,13.9
Mumbai,1,13.7,30.5,27.2,84.0,14.2
Mumbai,2,13.4,30.0,27.1,84.0,15.7
Mumbai,3,13.2,29.9,27.1,84.0,15.1
Mumbai,4,12.5,27.5,26.4,87.0,16.1
Mumbai,5,13.0,30.9,26.7,88.0,17.4
Mumbai,6,13.6,32.1,26.2,89.0,13.1
Mumbai,7,14.1,33.4,27.3,87.0,15.2
Mumbai,8,14.6,33.8,28.1,75.0,15.5
Mumbai,9,15.3,34.3,27.4,80.0,17.0
Mumbai,10,15.3,33.4,28.6,78.0,17.0
Mumbai,11,15.5,32.2,28.5,75.0,17.2
Mumbai,12,16.1,32.9,28.6,73.0,18.5
Mumbai,13,17.1,34.5,29.2,76.0,17.9
Mumbai,14,17.3,34.0,29.1,77.0,17.3
Mumbai,15,16.5,32.1,29.2,77.0,16.6
Mumbai,16,16.1,31.0,28.9,77.0,16.9
Mumbai,17,18.0,40.7,28.6,78.0,16.2
Mumbai,18,16.0,34.1,28.2,80.0,15.1
Mumbai,19,14.7,29.3,27.8,83.0,12.7
Mumbai,20,13.6,26.5,27.7,83.0,11.6
Mumbai,21,12.6,25.9,27.5,84.0,11.9
Mumbai,22,11.7,23.4,27.2,85.0,12.8
Mumbai,23,10.9,22.3,26.6,89.0,14.2
Mumbai,0,10.1,20.5,27.1,86.0,14.8
Mumbai,1,10.1,21.5,27.0,85.0,14.5
Mumbai,2,9.8,21.7,26.9,86.0,15.0
Mumbai,3,10.2,22.9,26.9,84.0,14.7
Mumbai,4,10.9,26.0,26.7,84.0,14.7
Mumbai,5,11.8,29.0,26.5,88.0,13.6
Mumbai,6,12.7,30.9,26.5,85.0,17.0
Mumbai,7,14.7,34.8,27.1,86.0,14.5
Mumbai,8,15.8,37.0,27.2,83.0,14.2
Mumbai,9,16.5,37.5,27.6,81.0,13.2
Mumbai,10,17.1,38.3,27.5,79.0,13.8
Mumbai,11,16.8,35.0,27.9,80.0,15.3
Mumbai,12,17.7,37.0,29.5,73.0,17.0
Mumbai,13,16.2,32.7,29.6,73.0,17.7
Mumbai,14,15.5,29.7,29.3,71.0,17.7
Mumbai,15,14.1,26.5,29.1,74.0,16.2
Mumbai,16,15.3,29.6,28.7,76.0,16.1
Mumbai,17,14.7,30.7,28.7,77.0,13.9
Mumbai,18,14.5,29.6,28.3,79.0,10.8
Mumbai,19,15.8,31.1,27.9,81.0,9.0
Mumbai,20,16.2,32.4,27.7,83.0,8.6
Mumbai,21,16.5,32.7,27.7,83.0,9.2
Mumbai,22,16.4,33.3,27.6,83.0,9.6
Mumbai,23,16.0,33.3,26.9,86.0,9.2
Mumbai,0,15.0,32.9,27.0,84.0,8.6
Mumbai,1,14.1,30.7,26.3,87.0,8.3
Mumbai,2,13.2,29.6,26.3,86.0,7.8
Mumbai,3,13.4,32.4,25.5,90.0,11.4
Mumbai,4,12.6,29.8,25.6,91.0,7.8
Mumbai,5,13.0,32.7,25.6,89.0,9.7
Mumbai,6,14.1,36.7,25.8,92.0,5.4
Mumbai,7,14.5,35.2,26.2,90.0,8.9
Mumbai,8,14.5,32.4,26.6,84.0,10.5
Mumbai,9,15.1,32.7,26.7,81.0,12.4
Mumbai,10,15.5,33.1,27.7,81.0,11.2
Mumbai,11,16.9,35.7,26.9,80.0,14.9
Mumbai,12,17.8,38.8,29.2,76.0,16.2
Mumbai,13,16.6,36.9,29.3,76.0,18.8
Mumbai,14,16.1,32.7,29.1,75.0,17.4
Mumbai,15,16.5,32.8,29.1,74.0,19.0
Mumbai,16,15.9,31.2,28.7,75.0,16.6
Mumbai,17,18.0,39.0,28.8,71.0,15.6
Mumbai,18,17.9,38.3,28.2,76.0,13.9
Mumbai,19,18.1,37.1,27.8,78.0,12.3
Mumbai,20,19.2,42.7,27.6,79.0,10.8
Mumbai,21,19.0,42.3,27.4,80.0,8.7
Mumbai,22,19.1,40.5,27.3,81.0,9.0
Mumbai,23,19.0,39.9,26.3,84.0,10.2
Mumbai,0,18.6,38.8,26.5,84.0,10.4
Mumbai,1,17.4,36.2,26.3,85.0,11.2
Mumbai,2,16.6,34.3,25.7,86.0,10.6
Mumbai,3,15.5,32.1,25.9,86.0,9.3
Mumbai,4,15.9,34.8,25.4,90.0,7.7
Mumbai,5,13.9,30.0,26.2,89.0,7.3
Mumbai,6,14.4,31.0,25.6,90.0,12.5
Mumbai,7,15.6,33.4,25.7,92.0,7.9
Mumbai,8,17.0,36.3,26.2,92.0,9.0
Mumbai,9,17.0,37.3,25.7,93.0,11.7
Mumbai,10,17.6,38.0,26.3,89.0,10.4
Mumbai,11,17.3,36.8,26.0,91.0,13.7
Mumbai,12,16.0,34.5,26.8,87.0,15.3
Mumbai,13,15.7,34.8,27.1,86.0,16.0
Mumbai,14,15.4,36.4,26.7,82.0,18.7
Mumbai,15,16.5,37.4,27.0,83.0,18.6
Mumbai,16,17.1,38.9,26.4,84.0,17.5
Mumbai,17,16.3,38.8,26.4,91.0,13.4
Mumbai,18,16.1,35.4,25.8,93.0,10.6
Mumbai,19,15.8,34.5,25.9,91.0,10.0
Mumbai,20,15.6,34.1,25.6,93.0,12.3
Mumbai,21,15.2,34.2,26.0,93.0,8.3
Mumbai,22,14.3,31.8,25.8,91.0,10.9
Mumbai,23,14.2,31.9,25.6,92.0,9.9
Mumbai,0,13.9,31.7,25.8,91.0,6.6
Mumbai,1,13.7,32.1,25.9,91.0,9.9
Mumbai,2,13.1,30.9,25.8,90.0,10.8
Mumbai,3,13.0,29.9,26.1,91.0,10.5
Mumbai,4,13.6,32.1,24.8,90.0,10.5
Mumbai,5,14.2,37.7,25.5,91.0,11.7
Mumbai,6,14.1,36.4,25.6,91.0,11.7
Mumbai,7,14.3,34.7,26.3,89.0,11.0
Mumbai,8,15.9,36.1,26.9,88.0,12.6
Mumbai,9,16.8,39.2,27.7,79.0,12.6
Mumbai,10,16.8,37.5,27.9,77.0,14.7
Mumbai,11,17.9,35.9,26.6,88.0,17.6
Mumbai,12,17.0,34.1,26.9,85.0,14.7
Mumbai,13,15.9,33.3,27.9,82.0,11.9
Mumbai,14,15.8,31.0,27.7,81.0,13.0
Mumbai,15,15.0,29.1,28.3,80.0,16.1
Mumbai,16,15.7,30.5,28.5,74.0,15.2
Mumbai,17,16.5,37.7,28.3,76.0,14.1
Mumbai,18,15.6,34.3,27.9,79.0,14.4
Mumbai,19,15.6,32.8,26.8,86.0,11.8
Mumbai,20,16.0,33.3,26.8,88.0,9.2
Mumbai,21,16.1,33.8,27.1,87.0,9.4
Mumbai,22,16.1,33.5,26.3,89.0,8.9
Mumbai,23,16.1,34.1,26.8,87.0,8.7
Mumbai,0,15.1,32.6,26.3,88.0,11.2
Mumbai,1,14.3,31.1,26.0,88.0,12.5
Mumbai,2,14.6,33.6,25.9,89.0,13.0
Mumbai,3,13.4,30.0,25.5,89.0,13.5
Mumbai,4,12.5,27.4,26.5,88.0,13.4
Mumbai,5,12.0,26.2,26.3,87.0,14.1
Mumbai,6,13.5,31.5,26.7,88.0,14.4
Mumbai,7,14.8,33.8,27.3,85.0,12.6
Mumbai,8,16.1,36.4,27.6,77.0,14.8
Mumbai,9,16.9,38.6,28.1,78.0,15.4
Mumbai,10,18.7,41.4,27.2,78.0,15.4
Mumbai,11,18.5,41.2,26.1,88.0,17.8
Mumbai,12,18.9,42.4,27.3,87.0,9.7
Mumbai,13,18.6,39.6,28.1,80.0,12.8
Mumbai,14,17.2,34.3,28.3,79.0,16.8
Mumbai,15,15.8,30.7,28.3,78.0,16.0
Mumbai,16,15.9,30.9,27.9,78.0,17.0
Mumbai,17,16.5,38.3,26.9,82.0,14.1
Mumbai,18,17.9,43.9,27.3,83.0,14.1
Mumbai,19,18.4,44.7,27.0,82.0,13.7
Mumbai,20,18.5,44.7,27.5,80.0,13.7
Mumbai,21,17.6,41.8,27.4,80.0,12.1
Mumbai,22,17.9,41.4,27.4,80.0,12.7
Mumbai,23,17.3,40.0,26.8,85.0,9.9
Mumbai,0,16.8,40.3,26.7,84.0,11.0
Mumbai,1,16.2,39.0,26.3,86.0,11.4
Mumbai,2,15.4,35.9,26.0,88.0,10.2
Mumbai,3,15.3,36.0,25.5,90.0,10.4
Mumbai,4,14.6,34.2,25.9,88.0,7.8
Mumbai,5,14.2,33.9,25.8,91.0,9.4
Mumbai,6,15.0,36.2,25.4,89.0,10.9
Mumbai,7,15.7,36.1,26.1,89.0,10.0
Mumbai,8,17.4,38.4,26.9,86.0,9.9
Mumbai,9,18.2,38.9,28.1,77.0,12.3
Mumbai,10,18.1,38.3,28.2,78.0,12.8
Mumbai,11,17.9,38.6,28.9,76.0,15.9
Mumbai,12,20.3,43.7,29.0,75.0,17.1
Mumbai,13,20.9,42.8,29.0,74.0,17.4
Mumbai,14,19.8,40.7,28.5,72.0,18.2
Mumbai,15,17.3,37.1,28.2,77.0,15.7
Mumbai,16,16.4,34.3,28.1,76.0,17.0
Mumbai,17,16.4,34.2,27.2,82.0,14.1
Mumbai,18,16.5,35.0,27.4,81.0,15.5
Mumbai,19,17.2,38.1,27.4,81.0,14.3
Mumbai,20,16.5,36.4,27.5,79.0,14.0
Mumbai,21,15.8,33.9,26.9,83.0,14.2
Mumbai,22,16.9,39.1,27.0,80.0,14.3
Mumbai,23,15.2,32.6,26.1,88.0,10.1
Mumbai,0,13.6,28.6,26.8,85.0,9.6
Mumbai,1,13.8,31.1,26.6,83.0,10.3
Mumbai,2,12.8,28.6,26.0,87.0,7.6
Mumbai,3,12.0,25.9,25.7,88.0,9.4
Mumbai,4,11.7,24.8,25.8,88.0,9.6
Mumbai,5,13.9,32.6,24.9,94.0,11.5
Mumbai,6,14.2,33.5,24.8,96.0,4.7
Mumbai,7,14.8,34.7,25.6,95.0,11.1
Mumbai,8,15.4,36.1,26.2,90.0,11.4
Mumbai,9,15.5,36.1,26.4,85.0,11.2
Mumbai,10,17.9,39.7,26.7,86.0,8.5
Mumbai,11,18.5,40.5,28.4,77.0,10.8
Mumbai,12,20.3,41.7,27.8,76.0,14.1
Mumbai,13,20.8,41.4,27.4,82.0,11.5
Mumbai,14,20.5,41.4,28.3,79.0,12.5
Mumbai,15,18.7,38.5,27.9,76.0,14.4
Mumbai,16,17.3,37.5,27.5,79.0,16.2
Mumbai,17,18.3,40.6,28.3,79.0,15.8
Mumbai,18,17.1,39.7,27.1,87.0,13.6
Mumbai,19,16.2,35.0,26.7,87.0,12.3
Mumbai,20,16.3,34.7,25.8,90.0,12.4
Mumbai,21,17.1,38.0,25.8,91.0,7.7
Mumbai,22,17.3,37.7,26.1,91.0,5.4
Mumbai,23,16.2,35.2,25.8,93.0,7.6
Mumbai,0,16.5,36.8,25.5,94.0,7.9
Mumbai,1,16.5,37.0,25.8,91.0,8.4
Mumbai,2,15.1,34.7,26.0,90.0,8.5
Mumbai,3,13.9,32.0,26.1,90.0,9.9
Mumbai,4,13.0,31.0,25.6,90.0,8.9
Mumbai,5,12.0,29.5,26.4,84.0,14.5
Mumbai,6,12.3,30.6,25.9,87.0,9.7
Mumbai,7,13.5,30.9,26.3,88.0,11.4
Mumbai,8,14.2,31.7,27.9,79.0,13.4
Mumbai,9,15.8,35.5,28.6,76.0,14.8
Mumbai,10,16.9,39.2,28.8,76.0,14.2
Mumbai,11,17.0,38.5,29.6,72.0,17.8
Mumbai,12,18.0,38.9,29.7,72.0,17.5
Mumbai,13,18.5,37.7,29.6,72.0,17.4
Mumbai,14,17.7,35.3,29.0,74.0,18.7
Mumbai,15,16.7,34.7,28.9,74.0,18.0
Mumbai,16,15.4,30.3,28.5,75.0,18.7
Mumbai,17,13.7,32.4,26.1,85.0,15.5
Mumbai,18,13.5,29.6,25.7,92.0,9.8
Mumbai,19,14.0,31.2,26.0,91.0,11.2
Mumbai,20,14.3,30.2,26.0,90.0,11.7
Mumbai,21,14.3,30.7,26.4,91.0,11.6
Mumbai,22,14.3,31.8,26.5,89.0,12.2
Mumbai,23,14.0,31.1,27.0,84.0,12.8
Mumbai,0,12.5,26.7,27.1,80.0,13.0
Mumbai,1,11.0,22.5,26.7,82.0,13.5
Mumbai,2,10.3,20.6,26.3,84.0,13.4
Mumbai,3,10.5,23.3,25.5,87.0,12.1
Mumbai,4,11.1,25.9,26.3,85.0,12.5
Mumbai,5,9.8,20.7,25.6,84.0,17.6
Mumbai,6,10.4,21.5,26.9,86.0,17.1
Mumbai,7,11.3,22.3,28.0,75.0,18.4
Mumbai,8,12.7,24.7,28.5,70.0,17.7
Mumbai,9,14.2,28.5,28.6,73.0,16.7
Mumbai,10,16.0,33.1,28.2,76.0,16.9
Mumbai,11,16.1,33.8,27.2,80.0,16.9
Mumbai,12,15.7,34.7,27.3,83.0,11.6
Mumbai,13,15.9,33.9,27.5,79.0,14.8
Mumbai,14,15.2,31.5,29.4,74.0,17.1
Mumbai,15,14.6,28.7,28.4,76.0,18.2
Mumbai,16,14.7,28.6,27.8,78.0,18.6
Mumbai,17,17.9,38.0,27.7,79.0,18.5
Mumbai,18,16.6,35.5,27.7,81.0,18.2
Mumbai,19,15.8,31.0,27.7,79.0,17.8
Mumbai,20,14.6,30.5,27.5,82.0,17.8
Mumbai,21,12.8,25.4,27.6,82.0,18.1
Mumbai,22,12.2,23.1,27.6,81.0,16.6
Mumbai,23,12.5,24.3,27.5,77.0,16.5
Mumbai,0,12.1,24.9,27.2,83.0,15.5
Mumbai,1,11.8,24.2,27.0,82.0,16.1
Mumbai,2,12.7,26.0,26.5,85.0,16.6
Mumbai,3,12.8,27.0,25.8,89.0,15.9
Mumbai,4,12.8,29.0,26.8,88.0,14.7
Mumbai,5,12.2,30.9,27.3,83.0,16.1
Mumbai,6,12.1,29.6,27.3,83.0,15.4
Mumbai,7,11.6,26.1,26.7,86.0,13.1
Mumbai,8,13.4,29.9,27.0,81.0,16.2
Mumbai,9,13.7,27.1,28.0,80.0,16.4
Mumbai,10,13.6,24.7,28.1,78.0,16.1
Mumbai,11,15.0,25.6,29.0,74.0,19.3
Mumbai,12,15.4,26.1,28.9,75.0,20.6
Mumbai,13,14.6,24.4,29.2,75.0,18.9
Mumbai,14,14.4,24.3,29.1,73.0,18.9
Mumbai,15,15.3,25.5,28.3,77.0,20.0
Mumbai,16,14.5,23.9,28.0,78.0,19.1
Mumbai,17,15.5,30.3,28.1,83.0,16.4
Mumbai,18,15.8,31.2,27.6,85.0,13.9
Mumbai,19,15.9,31.2,27.2,85.0,15.3
Mumbai,20,15.3,28.8,27.2,85.0,16.0
Mumbai,21,14.7,28.1,27.1,87.0,16.0
Mumbai,22,13.4,24.9,26.8,88.0,15.3
Mumbai,23,12.5,22.9,26.8,87.0,15.1
Mumbai,0,11.7,21.7,27.0,85.0,15.0
Mumbai,1,11.4,21.9,27.1,84.0,14.4
Mumbai,2,10.9,21.4,26.0,88.0,13.8
Mumbai,3,10.8,21.6,26.3,88.0,12.3
Mumbai,4,10.9,22.4,26.2,87.0,14.1
Mumbai,5,12.7,29.4,26.3,91.0,11.2
Mumbai,6,12.9,29.4,26.7,91.0,12.3
Mumbai,7,12.9,27.9,27.4,87.0,13.7
Mumbai,8,14.0,28.8,27.2,82.0,14.6
Mumbai,9,13.7,28.3,28.0,80.0,14.1
Mumbai,10,14.1,27.6,28.4,81.0,14.8
Mumbai,11,14.0,24.7,28.4,77.0,15.3
Mumbai,12,13.9,23.9,28.7,78.0,16.2
Mumbai,13,15.3,27.0,28.2,78.0,17.4
Mumbai,14,14.7,26.2,29.1,77.0,17.1
Mumbai,15,14.8,26.6,29.0,75.0,18.1
Mumbai,16,13.9,26.1,28.5,77.0,17.5
Mumbai,17,16.0,31.8,28.1,78.0,15.4
Mumbai,18,15.0,29.4,27.9,81.0,15.1
Mumbai,19,15.0,30.2,27.5,84.0,14.0
Mumbai,20,14.6,29.9,27.5,84.0,14.1
Mumbai,21,14.3,30.0,27.4,85.0,14.1
Mumbai,22,14.0,30.4,27.2,86.0,14.3
Mumbai,23,13.5,29.5,26.9,88.0,14.1
Mumbai,0,12.6,27.7,26.8,88.0,15.2
Mumbai,1,11.8,24.7,25.9,91.0,14.5
Mumbai,2,11.4,24.5,26.7,89.0,14.1
Mumbai,3,10.8,21.4,26.4,89.0,14.8
Mumbai,4,10.9,23.7,26.7,85.0,13.9
Mumbai,5,10.7,21.1,26.8,85.0,15.9
Mumbai,6,11.0,23.1,26.9,85.0,13.5
Mumbai,7,12.0,21.4,27.3,83.0,13.4
Mumbai,8,12.4,22.5,27.7,80.0,13.5
Mumbai,9,12.3,23.8,28.4,76.0,15.7
Mumbai,10,13.0,25.0,28.7,75.0,16.3
Mumbai,11,13.9,26.0,28.8,78.0,15.8
Mumbai,12,15.3,27.2,29.3,75.0,16.4
Mumbai,13,14.6,25.9,29.7,69.0,16.2
Mumbai,14,14.3,25.4,29.7,70.0,15.6
Mumbai,15,14.0,25.5,29.2,73.0,15.2
Mumbai,16,13.7,26.3,28.9,74.0,15.0
Mumbai,17,16.8,34.8,28.8,74.0,14.4
Mumbai,18,16.9,34.0,28.2,77.0,13.0
Mumbai,19,16.1,32.0,27.8,78.0,13.2
Mumbai,20,15.1,29.7,27.6,80.0,12.7
Mumbai,21,14.2,28.4,27.4,82.0,12.7
Mumbai,22,13.6,27.2,27.3,83.0,13.1
Mumbai,23,13.2,27.1,26.4,85.0,13.1
Mumbai,0,12.5,25.0,26.4,86.0,11.9
Mumbai,1,11.9,23.5,26.1,87.0,12.1
Mumbai,2,11.9,24.6,26.3,84.0,10.7
Mumbai,3,11.4,23.5,26.2,83.0,11.2
Mumbai,4,11.7,25.0,25.4,88.0,7.1
Mumbai,5,11.9,24.6,25.9,86.0,9.9
Mumbai,6,12.2,24.7,26.4,83.0,11.1
Mumbai,7,12.8,25.6,27.0,82.0,11.2
Mumbai,8,13.4,25.8,28.0,77.0,14.2
Mumbai,9,13.5,25.4,28.4,75.0,15.9
Mumbai,10,13.4,24.8,28.5,78.0,16.1
Mumbai,11,13.4,25.0,28.7,74.0,16.0
Mumbai,12,14.3,25.0,28.9,72.0,19.0
Mumbai,13,14.0,24.3,28.8,74.0,18.0
Mumbai,14,14.7,25.5,28.8,74.0,19.6
Mumbai,15,14.1,24.7,28.5,76.0,19.5
Mumbai,16,13.0,23.7,28.0,76.0,17.2
Mumbai,17,17.2,36.9,28.1,76.0,15.7
Mumbai,18,16.4,35.0,27.9,77.0,14.1
Mumbai,19,16.5,34.5,27.6,77.0,12.9
Mumbai,20,16.5,34.0,27.5,77.0,11.5
Mumbai,21,16.4,33.2,27.5,77.0,11.2
Mumbai,22,16.5,33.5,26.9,81.0,10.6
Mumbai,23,15.9,31.8,26.6,84.0,8.9
Mumbai,0,14.6,27.6,26.0,87.0,7.9
Mumbai,1,13.0,25.0,26.0,87.0,6.0
Mumbai,2,11.9,23.6,25.8,88.0,7.1
Mumbai,3,11.4,22.4,26.0,87.0,7.2
Mumbai,4,11.1,21.9,24.7,93.0,5.6
Mumbai,5,10.4,21.5,25.6,90.0,6.5
Mumbai,6,10.9,22.2,25.8,89.0,8.7
Mumbai,7,12.3,24.9,26.2,89.0,9.8
Mumbai,8,14.0,28.5,27.0,88.0,9.2
Mumbai,9,15.5,31.2,27.3,85.0,9.5
Mumbai,10,16.2,32.1,26.5,86.0,8.9
Mumbai,11,17.7,33.6,29.0,68.0,20.0
Mumbai,12,17.3,33.5,28.6,79.0,18.0
Mumbai,13,15.5,30.2,28.5,79.0,18.8
Mumbai,14,15.0,27.6,28.7,79.0,19.3
Mumbai,15,14.1,25.6,28.8,76.0,18.5
Mumbai,16,13.4,24.3,28.1,75.0,17.5
Mumbai,17,15.6,30.3,28.2,82.0,14.8
Mumbai,18,15.7,30.9,27.3,84.0,14.4
Mumbai,19,15.4,30.7,27.2,85.0,13.5
Mumbai,20,15.7,31.3,26.6,85.0,10.8
Mumbai,21,15.4,31.3,26.0,89.0,9.7
Mumbai,22,15.0,30.4,26.5,89.0,8.8
Mumbai,23,14.2,28.8,27.0,85.0,13.4
Mumbai,0,13.9,28.8,26.3,90.0,11.7
Mumbai,1,13.6,29.5,26.3,88.0,11.8
Mumbai,2,13.0,28.5,26.2,86.0,12.1
Mumbai,3,13.5,32.2,26.0,89.0,11.6
Mumbai,4,13.4,32.2,26.0,88.0,9.6
Mumbai,5,13.0,31.5,26.9,83.0,9.2
Mumbai,6,13.5,32.8,26.7,78.0,8.7
Mumbai,7,13.8,32.4,27.0,79.0,10.9
Mumbai,8,14.6,32.1,27.4,88.0,12.6
Mumbai,9,15.5,33.1,28.1,83.0,13.8
Mumbai,10,15.9,33.8,28.8,78.0,15.4
Mumbai,11,16.2,34.0,28.6,78.0,15.7
Mumbai,12,16.8,34.7,29.0,77.0,17.0
Mumbai,13,16.6,35.0,29.3,75.0,16.3
Mumbai,14,15.6,32.6,29.1,76.0,16.7
Mumbai,15,14.8,31.4,29.0,76.0,16.2
Mumbai,16,14.1,29.3,28.7,76.0,16.2
Mumbai,17,15.4,34.1,28.6,77.0,15.4
Mumbai,18,14.4,33.1,28.1,79.0,14.3
Mumbai,19,14.4,31.8,27.4,82.0,12.4
Mumbai,20,14.2,31.8,27.2,84.0,12.3
Mumbai,21,14.1,31.9,27.2,85.0,11.9
Mumbai,22,14.4,31.8,27.1,85.0,10.8
Mumbai,23,14.3,31.5,26.8,86.0,8.7
Mumbai,0,15.0,35.2,26.4,89.0,6.5
Mumbai,1,14.8,35.2,26.2,90.0,4.5
Mumbai,2,14.1,33.2,26.0,91.0,5.8
Mumbai,3,13.5,31.9,26.0,90.0,7.9
Mumbai,4,13.1,31.3,25.8,91.0,6.3
Mumbai,5,14.1,35.5,26.0,93.0,4.0
Mumbai,6,15.0,37.7,26.4,91.0,5.7
Mumbai,7,15.3,36.3,27.2,88.0,8.0
Mumbai,8,15.7,36.6,28.0,81.0,8.4
Mumbai,9,16.5,36.6,28.0,80.0,9.3
Mumbai,10,17.2,36.2,28.5,77.0,11.4
Mumbai,11,18.2,37.0,28.7,77.0,10.0
Mumbai,12,18.9,37.6,28.9,79.0,13.2
Mumbai,13,18.6,37.8,28.9,80.0,14.3
Mumbai,14,18.4,38.5,28.9,79.0,14.9
Mumbai,15,17.6,40.2,28.9,76.0,15.5
Mumbai,16,17.3,40.0,28.9,74.0,16.8
Mumbai,17,20.6,54.9,27.9,81.0,14.8
Mumbai,18,19.7,51.8,27.5,82.0,13.9
Mumbai,19,18.7,47.6,27.0,86.0,13.3
Mumbai,20,18.5,46.4,27.1,86.0,12.8
Mumbai,21,18.9,47.5,27.0,86.0,11.5
Mumbai,22,19.0,49.1,26.9,86.0,10.6
Mumbai,23,18.5,48.7,26.6,86.0,11.5
Mumbai,0,17.5,46.8,26.4,88.0,9.9
Mumbai,1,16.6,44.9,26.0,90.0,10.6
Mumbai,2,16.6,44.7,26.3,87.0,10.5
Mumbai,3,17.2,48.9,26.3,85.0,9.8
Mumbai,4,17.2,50.5,25.7,88.0,7.3
Mumbai,5,17.3,51.2,26.3,89.0,7.5
Mumbai,6,17.6,50.1,25.9,90.0,6.1
Mumbai,7,18.1,48.1,26.5,88.0,5.7
Mumbai,8,18.6,46.8,27.5,81.0,6.3
Mumbai,9,19.2,47.3,28.8,70.0,9.6
Mumbai,10,20.0,48.2,29.4,69.0,11.9
Mumbai,11,21.4,50.1,28.6,75.0,12.8
Mumbai,12,22.9,50.9,29.3,74.0,14.2
Mumbai,13,22.4,48.5,29.3,74.0,13.0
Mumbai,14,20.4,43.5,29.1,74.0,15.3
Mumbai,15,19.7,41.4,28.8,74.0,14.8
Mumbai,16,19.2,40.9,28.9,75.0,14.4
Mumbai,17,23.3,60.8,28.9,75.0,14.2
Mumbai,18,22.6,61.5,28.1,80.0,11.9
Mumbai,19,22.2,61.2,27.7,81.0,12.0
Mumbai,20,22.2,62.2,27.5,82.0,13.1
Mumbai,21,22.1,61.9,27.4,83.0,13.3
Mumbai,22,21.6,59.4,26.5,85.0,12.9
Mumbai,23,20.8,56.1,26.9,85.0,11.7
Mumbai,0,20.5,54.7,26.8,85.0,10.2
Mumbai,1,20.6,56.9,26.9,83.0,10.8
Mumbai,2,20.6,58.7,26.6,85.0,11.0
Mumbai,3,19.4,53.2,26.6,85.0,10.3
Mumbai,4,18.6,49.7,26.5,85.0,9.6
Mumbai,5,18.2,51.3,26.1,88.0,7.9
Mumbai,6,19.0,53.9,26.2,88.0,6.5
Mumbai,7,18.8,52.0,26.7,86.0,7.9
Mumbai,8,19.9,53.3,27.2,82.0,9.5
Mumbai,9,21.1,54.8,27.8,79.0,11.1
Mumbai,10,21.9,55.3,28.3,79.0,11.9
Mumbai,11,22.2,55.3,29.4,73.0,13.7
Mumbai,12,22.1,54.4,29.1,75.0,16.2
Mumbai,13,21.9,52.7,29.4,76.0,14.9
Mumbai,14,20.8,50.4,29.4,76.0,14.8
Mumbai,15,19.3,46.8,28.8,78.0,14.6
Mumbai,16,17.9,43.9,28.4,80.0,14.5
Mumbai,17,16.6,43.7,28.4,79.0,14.3
Mumbai,18,16.2,43.3,27.9,82.0,12.5
Mumbai,19,16.3,43.9,27.5,83.0,10.5
Mumbai,20,16.3,44.5,27.3,84.0,10.3
Mumbai,21,16.6,45.2,27.2,84.0,10.3
Mumbai,22,16.4,45.1,26.9,85.0,9.9
Mumbai,23,16.8,47.1,26.8,84.0,11.2
Mumbai,0,16.1,44.2,26.4,87.0,10.9
Mumbai,1,14.8,38.5,26.4,87.0,12.9
Mumbai,2,14.7,38.9,26.1,89.0,12.8
Mumbai,3,14.8,39.3,26.2,84.0,13.9
Mumbai,4,14.4,38.0,26.1,90.0,13.6
Mumbai,5,13.5,32.4,26.5,86.0,13.7
Mumbai,6,14.0,33.6,26.3,86.0,14.7
Mumbai,7,15.7,36.0,26.9,84.0,14.9
Mumbai,8,16.5,37.3,27.7,78.0,15.6
Mumbai,9,18.2,43.4,28.4,74.0,17.4
Mumbai,10,18.5,44.5,28.6,73.0,16.4
Mumbai,11,18.3,40.6,29.1,72.0,16.9
Mumbai,12,17.8,36.6,29.6,69.0,16.9
Mumbai,13,17.6,35.0,29.4,70.0,16.7
Mumbai,14,17.3,35.7,29.2,72.0,17.8
Mumbai,15,16.2,35.3,28.7,74.0,16.8
Mumbai,16,15.4,34.6,28.5,75.0,16.2
Mumbai,17,14.4,32.6,28.9,71.0,15.7
Mumbai,18,13.7,30.6,27.8,78.0,14.2
Mumbai,19,13.1,28.6,27.4,78.0,13.2
Mumbai,20,12.1,24.7,27.3,82.0,13.4
Mumbai,21,11.3,24.6,26.8,84.0,13.5
Mumbai,22,10.9,24.2,26.9,84.0,12.7
Mumbai,23,10.5,23.8,27.1,84.0,15.0
Mumbai,0,10.8,26.3,27.0,83.0,15.6
Mumbai,1,10.4,24.7,27.0,83.0,15.7
Mumbai,2,9.7,21.6,26.7,84.0,15.7
Mumbai,3,10.1,24.3,26.6,84.0,15.6
Mumbai,4,9.7,23.5,26.9,83.0,15.5
Mumbai,5,12.7,30.7,27.1,80.0,16.8
Mumbai,6,12.6,31.5,26.8,85.0,15.1
Mumbai,7,13.0,30.2,27.2,86.0,14.8
Mumbai,8,12.1,25.5,28.1,73.0,17.3
Mumbai,9,11.4,24.5,28.1,75.0,17.1
Mumbai,10,13.1,27.4,28.2,75.0,18.2
Mumbai,11,13.3,26.8,28.2,74.0,19.5
Mumbai,12,12.9,24.3,28.2,74.0,20.5
Mumbai,13,12.0,22.1,29.0,76.0,21.1
Mumbai,14,12.8,25.5,29.1,75.0,21.1
Mumbai,15,12.7,21.7,29.0,75.0,19.8
Mumbai,16,11.4,21.0,28.6,76.0,18.9
Mumbai,17,12.0,22.0,27.5,79.0,19.4
Mumbai,18,13.1,23.5,28.1,77.0,17.3
Mumbai,19,12.7,23.2,27.4,79.0,15.0
Mumbai,20,12.3,22.5,27.0,84.0,14.5
Mumbai,21,11.7,21.4,27.2,82.0,13.8
Mumbai,22,12.2,24.9,27.0,83.0,14.2
Mumbai,23,12.5,27.0,26.9,84.0,15.8
Mumbai,0,11.7,24.9,27.0,83.0,16.8
Mumbai,1,10.9,22.4,26.9,83.0,16.4
Mumbai,2,11.1,23.4,26.8,84.0,15.7
Mumbai,3,10.8,24.0,26.2,85.0,16.8
Mumbai,4,10.2,23.2,26.3,85.0,13.6
Mumbai,5,10.3,25.0,26.9,84.0,15.9
Mumbai,6,10.9,26.2,27.1,83.0,16.9
Mumbai,7,11.3,24.9,27.4,78.0,16.9
Mumbai,8,12.5,25.7,27.4,82.0,14.2
Mumbai,9,13.2,26.4,28.2,75.0,16.6
Mumbai,10,12.7,24.6,28.2,78.0,17.1
Mumbai,11,12.2,23.6,28.2,73.0,20.2
Mumbai,12,12.7,24.6,28.9,71.0,20.9
Mumbai,13,12.8,24.8,28.5,76.0,19.7
Mumbai,14,13.2,25.1,28.2,75.0,19.1
Mumbai,15,12.7,25.3,28.2,79.0,18.9
Mumbai,16,12.4,24.6,28.3,76.0,18.8
Mumbai,17,16.6,37.7,27.9,80.0,19.6
Mumbai,18,14.7,31.9,27.7,79.0,17.9
Mumbai,19,13.9,29.2,26.8,81.0,16.1
Mumbai,20,13.2,27.2,27.0,81.0,15.5
Mumbai,21,11.8,24.9,26.9,83.0,14.6
Mumbai,22,10.5,21.9,27.1,81.0,15.7
Mumbai,23,9.5,19.7,27.2,79.0,14.7
Mumbai,0,8.5,17.4,26.9,80.0,14.1
Mumbai,1,8.2,16.9,26.9,80.0,13.3
Mumbai,2,7.7,15.3,26.8,81.0,15.2
Mumbai,3,7.7,16.4,26.6,84.0,15.6
Mumbai,4,7.4,15.1,26.6,84.0,16.2
Mumbai,5,7.3,15.9,26.6,84.0,16.0
Mumbai,6,7.7,17.1,26.8,83.0,15.9
Mumbai,7,8.5,16.4,27.2,82.0,14.7
Mumbai,8,9.3,17.0,27.8,79.0,16.6
Mumbai,9,9.8,19.6,28.4,77.0,18.7
Mumbai,10,10.0,19.4,28.9,74.0,18.8
Mumbai,11,10.9,20.1,29.1,73.0,17.4
Mumbai,12,11.4,20.0,29.4,70.0,18.7
Mumbai,13,11.2,19.7,29.5,70.0,19.5
Mumbai,14,11.3,19.4,29.3,71.0,20.2
Mumbai,15,10.7,18.6,29.1,72.0,19.5
Mumbai,16,10.8,19.0,28.7,74.0,19.3
Mumbai,17,10.4,18.3,28.5,75.0,17.3
Mumbai,18,11.1,20.3,27.7,80.0,15.3
Mumbai,19,11.9,21.9,27.4,81.0,14.5
Mumbai,20,12.8,23.6,27.4,81.0,14.6
Mumbai,21,13.0,24.0,27.2,82.0,13.2
Mumbai,22,12.5,23.5,27.1,83.0,12.8
Mumbai,23,11.6,21.7,26.4,87.0,11.6
Mumbai,0,10.1,19.6,26.3,85.0,11.1
Mumbai,1,8.8,17.8,26.3,84.0,11.5
Mumbai,2,7.8,14.9,26.6,82.0,14.0
Mumbai,3,7.2,13.6,26.6,81.0,13.5
Mumbai,4,7.1,13.4,26.4,83.0,15.3
Mumbai,5,8.6,17.9,26.3,87.0,13.0
Mumbai,6,8.8,18.7,26.6,82.0,13.7
Mumbai,7,10.0,19.6,27.2,80.0,13.1
Mumbai,8,10.6,19.9,27.9,77.0,14.3
Mumbai,9,10.9,20.5,28.3,75.0,14.7
Mumbai,10,11.7,21.5,28.6,75.0,15.0
Mumbai,11,11.6,20.6,28.8,75.0,16.3
Mumbai,12,12.0,21.0,28.9,68.0,17.0
Mumbai,13,12.2,20.1,28.9,72.0,17.3
Mumbai,14,12.8,20.1,29.1,71.0,17.8
Mumbai,15,12.8,19.8,28.9,72.0,18.4
Mumbai,16,12.2,19.3,28.9,71.0,17.5
Mumbai,17,10.7,19.6,28.5,75.0,15.7
Mumbai,18,11.1,20.6,27.9,77.0,13.9
Mumbai,19,11.4,21.1,27.5,80.0,13.5
Mumbai,20,11.9,21.7,27.3,81.0,12.3
Mumbai,21,11.6,21.0,27.5,81.0,12.7
Mumbai,22,11.2,19.8,27.5,81.0,14.1
Mumbai,23,10.9,19.3,26.9,83.0,13.4
Mumbai,0,10.5,18.5,26.2,87.0,12.5
Mumbai,1,9.7,17.7,26.4,84.0,10.8
Mumbai,2,9.3,17.3,26.1,85.0,13.3
Mumbai,3,8.8,16.4,26.1,86.0,12.1
Mumbai,4,8.3,16.4,26.4,84.0,12.9
Mumbai,5,7.6,15.7,26.8,81.0,13.8
Mumbai,6,8.3,17.2,26.9,81.0,12.5
Mumbai,7,10.1,20.3,27.4,79.0,12.2
Mumbai,8,10.9,22.2,27.9,77.0,13.8
Mumbai,9,12.5,24.4,28.7,75.0,14.9
Mumbai,10,13.1,24.9,28.1,75.0,15.9
Mumbai,11,13.7,25.0,29.6,71.0,15.3
Mumbai,12,14.4,25.0,29.1,74.0,15.3
Mumbai,13,14.5,23.6,28.0,77.0,17.5
Mumbai,14,14.6,23.3,28.7,76.0,15.7
Mumbai,15,14.8,26.8,28.0,76.0,15.0
Mumbai,16,12.9,21.4,27.9,80.0,13.5
Mumbai,17,12.2,21.1,28.1,80.0,11.6
Mumbai,18,11.8,21.0,28.1,79.0,12.0
Mumbai,19,12.1,21.5,27.7,81.0,8.4
Mumbai,20,12.9,22.6,27.7,81.0,8.3
Mumbai,21,13.3,22.9,27.4,82.0,7.2
Mumbai,22,13.7,23.1,27.2,82.0,7.3
Mumbai,23,13.8,22.8,26.7,85.0,5.7
Mumbai,0,13.2,22.0,26.5,84.0,7.1
Mumbai,1,13.0,21.7,26.1,86.0,8.1
Mumbai,2,12.6,21.1,26.3,84.0,8.5
Mumbai,3,11.6,19.6,26.0,86.0,8.0
Mumbai,4,11.2,18.7,25.7,86.0,8.0
Mumbai,5,9.5,15.7,25.0,89.0,9.7
Mumbai,6,8.7,14.7,25.3,91.0,4.4
Mumbai,7,8.8,14.4,25.7,92.0,8.4
Mumbai,8,9.4,15.4,26.7,84.0,8.7
Mumbai,9,10.8,17.7,27.7,79.0,10.1
Mumbai,10,11.7,19.4,26.0,84.0,11.8
Mumbai,11,13.6,22.1,28.0,77.0,13.1
Mumbai,12,14.8,24.0,27.8,80.0,14.1
Mumbai,13,15.5,24.4,28.2,78.0,12.2
Mumbai,14,14.3,23.0,26.6,83.0,11.7
Mumbai,15,13.6,21.7,28.1,77.0,13.5
Mumbai,16,12.3,19.7,28.0,78.0,13.6
Mumbai,17,12.2,22.0,26.8,88.0,7.3
Mumbai,18,12.9,23.6,27.2,83.0,9.2
Mumbai,19,13.1,24.7,27.1,82.0,7.0
Mumbai,20,13.5,24.7,26.8,84.0,4.1
Mumbai,21,14.4,26.1,26.3,89.0,3.1
Mumbai,22,14.8,26.5,26.0,92.0,2.2
Mumbai,23,14.8,26.8,26.1,91.0,3.7
Mumbai,0,14.1,25.9,25.8,91.0,4.0
Mumbai,1,13.4,25.1,25.8,90.0,5.5
Mumbai,2,13.0,24.7,25.9,88.0,7.7
Mumbai,3,12.0,22.9,25.2,91.0,6.3
Mumbai,4,11.2,21.7,25.4,92.0,6.7
Mumbai,5,10.3,19.4,25.7,87.0,6.6
Mumbai,6,9.9,18.6,25.3,91.0,5.9
Mumbai,7,9.8,17.7,26.2,90.0,5.3
Mumbai,8,9.8,17.6,26.4,87.0,7.3
Mumbai,9,9.4,17.2,27.5,81.0,8.4
Mumbai,10,10.5,18.2,28.3,77.0,12.2
Mumbai,11,12.0,20.5,27.1,78.0,13.1
Mumbai,12,13.5,22.1,28.8,74.0,13.3
Mumbai,13,14.8,24.7,29.4,71.0,15.2
Mumbai,14,13.3,23.5,29.2,73.0,14.6
Mumbai,15,13.5,24.3,29.2,71.0,16.2
Mumbai,16,13.0,24.9,28.7,74.0,15.5
Mumbai,17,17.3,37.8,28.4,76.0,13.7
Mumbai,18,16.1,36.1,27.8,79.0,11.2
Mumbai,19,15.9,34.7,27.3,82.0,9.7
Mumbai,20,15.4,33.4,27.2,82.0,8.5
Mumbai,21,14.6,31.2,27.1,83.0,8.9
Mumbai,22,14.1,29.3,27.0,84.0,9.1
Mumbai,23,13.6,28.7,26.6,86.0,8.7
Mumbai,0,12.3,25.8,25.9,88.0,8.6
Mumbai,1,11.5,24.0,25.8,88.0,6.6
Mumbai,2,11.1,23.1,25.9,88.0,6.5
Mumbai,3,10.5,21.8,25.6,90.0,4.9
Mumbai,4,10.2,21.2,25.5,91.0,3.5
Mumbai,5,8.6,18.3,25.4,93.0,2.2
Mumbai,6,8.8,18.0,24.8,94.0,2.3
Mumbai,7,10.4,21.2,25.4,94.0,1.9
Mumbai,8,11.7,22.0,26.0,93.0,1.4
Mumbai,9,13.4,24.0,26.6,87.0,4.3
Mumbai,10,13.9,25.0,28.0,80.0,4.9
Mumbai,11,16.4,28.6,28.0,78.0,10.5
Mumbai,12,16.5,29.0,28.7,74.0,12.6
Mumbai,13,16.3,28.5,29.3,73.0,14.6
Mumbai,14,16.4,27.8,29.6,65.0,13.6
Mumbai,15,15.4,26.0,29.2,70.0,14.1
Mumbai,16,13.5,23.7,28.8,72.0,13.1
Mumbai,17,12.0,22.2,27.3,80.0,13.0
Mumbai,18,12.3,22.2,27.4,81.0,13.1
Mumbai,19,11.9,21.4,26.6,85.0,11.9
Mumbai,20,10.9,19.0,26.3,88.0,8.4
Mumbai,21,10.2,18.2,26.3,89.0,7.7
Mumbai,22,9.9,17.8,26.3,90.0,6.8
Mumbai,23,9.8,18.7,26.6,88.0,5.8
Mumbai,0,9.5,19.0,26.4,87.0,5.9
Mumbai,1,10.2,21.5,25.7,91.0,5.3
Mumbai,2,10.8,23.3,25.6,91.0,3.1
Mumbai,3,10.8,23.1,25.2,92.0,4.4
Mumbai,4,11.1,23.5,25.1,94.0,1.7
Mumbai,5,10.7,21.5,25.6,93.0,4.0
Mumbai,6,10.6,21.0,25.0,94.0,5.8
Mumbai,7,11.3,21.5,25.8,90.0,6.4
Mumbai,8,11.7,20.7,25.9,85.0,7.8
Mumbai,9,12.6,20.9,26.3,84.0,5.6
Mumbai,10,13.2,21.2,26.6,83.0,9.0
Mumbai,11,12.8,20.3,28.4,75.0,9.8
Mumbai,12,13.1,20.1,27.8,76.0,13.4
Mumbai,13,13.3,19.9,28.5,77.0,14.4
Mumbai,14,13.4,21.0,27.9,77.0,15.1
Mumbai,15,12.6,20.5,28.1,78.0,14.1
Mumbai,16,11.6,19.0,27.7,78.0,15.3
Mumbai,17,8.8,15.2,26.4,89.0,6.9
Mumbai,18,9.3,16.5,26.8,88.0,7.8
Mumbai,19,10.4,18.9,26.0,92.0,5.2
Mumbai,20,11.9,22.1,25.9,94.0,3.1
Mumbai,21,13.0,25.1,25.7,96.0,3.2
Mumbai,22,13.9,27.9,25.2,93.0,4.3
Mumbai,23,14.2,30.9,25.5,93.0,1.5
Mumbai,0,14.3,32.0,25.3,97.0,1.3
Mumbai,1,14.9,35.5,25.2,98.0,0.9
Mumbai,2,15.1,35.5,25.3,90.0,3.1
Mumbai,3,15.9,38.2,25.0,93.0,5.6
Mumbai,4,15.9,39.0,25.6,90.0,0.7
Mumbai,5,14.6,34.3,24.7,98.0,5.4
Mumbai,6,14.3,33.3,24.7,97.0,1.9
Mumbai,7,14.3,31.4,25.3,95.0,1.6
Mumbai,8,14.6,29.9,25.9,87.0,4.3
Mumbai,9,14.4,28.1,27.0,81.0,4.0
Mumbai,10,15.0,27.6,27.7,81.0,8.3
Mumbai,11,15.4,26.9,28.1,80.0,10.9
Mumbai,12,15.9,26.5,28.0,79.0,11.7
Mumbai,13,15.1,24.9,28.5,78.0,12.4
Mumbai,14,14.1,23.3,28.8,77.0,14.3
Mumbai,15,15.1,26.1,28.9,76.0,14.8
Mumbai,16,13.6,24.3,28.2,77.0,13.5
Mumbai,17,14.6,28.9,28.5,74.0,12.6
Mumbai,18,14.9,29.3,27.7,78.0,9.6
Mumbai,19,14.5,29.2,27.2,81.0,8.3
Mumbai,20,15.8,33.1,26.9,82.0,7.1
Mumbai,21,16.7,36.2,26.7,84.0,6.7
Mumbai,22,17.1,36.8,26.4,86.0,4.4
Mumbai,23,16.8,37.8,26.2,87.0,6.4
Mumbai,0,16.6,38.5,25.6,87.0,6.4
Mumbai,1,16.7,39.3,25.0,93.0,5.9
Mumbai,2,16.5,40.7,24.7,95.0,3.1
Mumbai,3,16.1,40.6,24.8,96.0,1.8
Mumbai,4,15.8,38.8,24.7,96.0,0.6
Mumbai,5,13.8,33.2,25.3,92.0,3.0
Mumbai,6,14.3,35.3,25.1,94.0,2.9
Mumbai,7,15.4,36.2,25.5,93.0,4.2
Mumbai,8,16.3,37.4,25.8,88.0,5.1
Mumbai,9,18.5,39.7,27.3,82.0,3.7
Mumbai,10,19.2,41.0,27.8,80.0,8.1
Mumbai,11,20.0,41.6,28.7,74.0,10.3
Mumbai,12,21.5,43.2,28.2,76.0,11.4
Mumbai,13,21.7,43.1,28.7,72.0,13.7
Mumbai,14,20.0,40.7,28.8,71.0,14.1
Mumbai,15,18.5,38.4,29.0,71.0,14.6
Mumbai,16,16.1,33.8,28.5,73.0,14.2
Mumbai,17,15.8,38.0,28.1,75.0,12.6
Mumbai,18,15.8,37.6,27.4,78.0,11.4
Mumbai,19,16.3,38.3,26.9,81.0,10.0
Mumbai,20,17.3,40.2,26.7,84.0,8.4
Mumbai,21,18.2,41.2,26.6,85.0,7.2
Mumbai,22,19.3,45.4,26.5,85.0,5.2
Mumbai,23,20.1,48.8,26.3,87.0,4.4
Mumbai,0,19.4,46.9,25.9,88.0,5.2
Mumbai,1,18.6,44.5,25.4,93.0,1.4
Mumbai,2,17.6,42.1,24.7,92.0,1.5
Mumbai,3,16.6,39.8,24.5,97.0,3.4
Mumbai,4,16.2,38.6,24.6,97.0,5.4
Mumbai,5,13.9,36.9,25.3,94.0,1.0
Mumbai,6,14.3,37.5,25.3,94.0,1.9
Mumbai,7,14.6,36.9,25.7,96.0,2.5
Mumbai,8,15.4,37.7,26.6,92.0,1.4
Mumbai,9,16.2,39.1,27.7,80.0,4.9
Mumbai,10,17.0,40.6,28.3,72.0,9.9
Mumbai,11,18.7,44.0,28.4,71.0,11.2
Mumbai,12,19.3,43.8,28.8,73.0,12.7
Mumbai,13,19.0,41.0,29.3,69.0,15.3
Mumbai,14,19.5,41.0,29.2,70.0,15.3
Mumbai,15,18.2,40.4,29.0,70.0,14.7
Mumbai,16,16.0,35.5,28.7,71.0,13.8
Mumbai,17,16.9,38.0,28.5,74.0,12.6
Mumbai,18,14.8,33.1,27.7,78.0,11.8
Mumbai,19,14.1,30.9,27.0,81.0,11.0
Mumbai,20,14.3,30.6,26.4,84.0,9.3
Mumbai,21,14.8,30.6,26.1,88.0,7.5
Mumbai,22,15.9,31.3,25.8,91.0,7.4
Mumbai,23,16.8,32.8,25.6,91.0,6.4
Mumbai,0,15.9,31.4,25.6,89.0,4.7
Mumbai,1,15.3,30.2,25.5,91.0,2.7
Mumbai,2,14.8,30.3,25.2,93.0,0.3
Mumbai,3,13.8,28.3,24.9,96.0,2.3
Mumbai,4,13.3,28.2,24.8,96.0,3.3
Mumbai,5,13.1,28.1,25.8,92.0,1.2
Mumbai,6,13.6,28.5,25.7,91.0,1.3
Mumbai,7,14.6,30.2,26.2,90.0,3.2
Mumbai,8,14.3,31.0,27.1,85.0,4.1
Mumbai,9,14.6,31.7,28.0,78.0,6.9
Mumbai,10,15.1,32.9,28.6,75.0,9.0
Mumbai,11,15.0,33.1,29.0,75.0,10.9
Mumbai,12,14.4,31.7,29.1,74.0,12.0
Mumbai,13,13.7,29.9,28.8,76.0,12.5
Mumbai,14,13.0,27.4,28.8,75.0,14.1
Mumbai,15,11.8,24.7,28.8,74.0,14.7
Mumbai,16,11.0,22.5,28.8,72.0,14.0
Mumbai,17,11.9,27.7,28.7,72.0,11.0
Mumbai,18,11.8,26.3,28.1,77.0,8.1
Mumbai,19,11.7,25.7,27.6,80.0,5.7
Mumbai,20,12.5,27.0,27.3,82.0,4.5
Mumbai,21,13.6,28.6,27.1,82.0,5.5
Mumbai,22,15.2,30.5,26.8,83.0,5.4
Mumbai,23,16.6,32.5,26.5,85.0,5.8
Mumbai,0,16.8,33.4,26.1,89.0,2.4
Mumbai,1,16.9,33.4,26.0,90.0,1.8
Mumbai,2,16.9,34.1,25.8,90.0,3.7
Mumbai,3,16.9,34.1,25.7,91.0,3.9
Mumbai,4,16.8,33.9,25.8,90.0,1.9
Mumbai,5,14.0,29.6,25.6,91.0,6.6
Mumbai,6,13.6,28.5,25.2,88.0,7.3
Mumbai,7,13.5,27.9,25.6,88.0,4.4
Mumbai,8,14.6,28.9,26.0,85.0,2.5
Mumbai,9,16.7,31.2,27.1,79.0,2.6
Mumbai,10,19.8,34.6,28.1,74.0,3.8
Mumbai,11,26.1,41.9,27.5,77.0,6.4
Mumbai,12,31.0,48.3,28.9,72.0,7.3
Mumbai,13,32.2,50.2,29.1,71.0,9.9
Mumbai,14,30.4,49.0,29.0,73.0,9.7
Mumbai,15,26.6,42.7,28.9,74.0,8.9
Mumbai,16,23.2,38.2,28.4,74.0,10.2
Mumbai,17,12.2,24.4,28.9,72.0,9.4
Mumbai,18,11.0,23.0,27.9,78.0,6.0
Mumbai,19,10.9,23.3,27.5,83.0,3.1
Mumbai,20,11.6,24.9,27.2,86.0,2.8
Mumbai,21,12.4,26.1,27.3,84.0,4.1
Mumbai,22,13.5,27.4,27.1,84.0,4.1
Mumbai,23,14.7,28.7,26.8,88.0,4.7
Bengaluru,0,4.1,5.3,21.9,86.0,15.3
Bengaluru,1,3.2,4.2,21.5,88.0,15.5
Bengaluru,2,2.8,4.2,21.2,89.0,15.8
Bengaluru,3,2.6,4.0,20.9,90.0,14.9
Bengaluru,4,2.3,3.6,20.7,91.0,15.2
Bengaluru,5,2.0,3.0,21.4,89.0,16.8
Bengaluru,6,2.1,2.9,21.4,90.0,16.5
Bengaluru,7,2.7,3.2,22.5,85.0,15.6
Bengaluru,8,3.0,3.8,23.7,77.0,21.7
Bengaluru,9,3.8,5.7,25.1,70.0,23.4
Bengaluru,10,5.3,10.4,26.1,65.0,22.1
Bengaluru,11,6.1,11.4,27.2,59.0,22.9
Bengaluru,12,6.4,12.2,28.1,57.0,20.7
Bengaluru,13,6.8,14.1,28.1,57.0,20.0
Bengaluru,14,8.1,17.8,27.9,59.0,17.5
Bengaluru,15,9.4,21.1,27.8,57.0,18.3
Bengaluru,16,10.2,23.5,26.3,66.0,17.1
Bengaluru,17,14.1,27.9,27.2,58.0,15.2
Bengaluru,18,14.2,24.7,26.0,63.0,15.3
Bengaluru,19,14.8,25.8,24.9,68.0,13.3
Bengaluru,20,14.1,23.6,24.1,73.0,13.6
Bengaluru,21,11.8,18.6,23.7,77.0,16.0
Bengaluru,22,8.8,12.7,23.1,80.0,15.9
Bengaluru,23,6.2,8.2,22.7,82.0,15.3
Bengaluru,0,4.3,5.3,22.2,85.0,14.9
Bengaluru,1,3.4,4.3,21.8,89.0,14.3
Bengaluru,2,3.0,4.4,21.5,91.0,14.5
Bengaluru,3,2.8,4.5,21.3,93.0,13.8
Bengaluru,4,2.8,4.8,21.2,93.0,14.5
Bengaluru,5,2.3,3.5,21.2,92.0,13.6
Bengaluru,6,2.4,3.5,21.0,93.0,13.3
Bengaluru,7,3.1,3.8,21.9,88.0,13.7
Bengaluru,8,3.4,4.6,23.4,79.0,18.9
Bengaluru,9,3.8,6.0,24.6,74.0,19.7
Bengaluru,10,4.4,7.9,25.8,69.0,20.3
Bengaluru,11,5.5,11.1,26.7,62.0,21.6
Bengaluru,12,6.4,13.8,28.4,55.0,21.9
Bengaluru,13,5.8,11.6,29.1,55.0,22.1
Bengaluru,14,5.8,11.5,29.1,55.0,23.2
Bengaluru,15,5.9,11.8,25.7,74.0,17.4
Bengaluru,16,6.4,12.8,25.8,68.0,23.3
Bengaluru,17,7.5,14.8,27.1,58.0,22.1
Bengaluru,18,7.7,13.4,25.7,64.0,17.0
Bengaluru,19,8.0,12.6,24.6,70.0,18.6
Bengaluru,20,7.9,12.3,23.7,75.0,17.8
Bengaluru,21,7.3,11.5,22.9,78.0,17.5
Bengaluru,22,6.4,9.8,22.2,82.0,17.2
Bengaluru,23,5.3,7.7,22.4,82.0,16.2
Bengaluru,0,4.9,8.3,21.9,87.0,15.0
Bengaluru,1,3.3,4.7,21.6,89.0,14.4
Bengaluru,2,2.5,3.2,21.6,90.0,15.2
Bengaluru,3,2.0,2.3,21.5,90.0,16.2
Bengaluru,4,1.8,2.1,21.6,88.0,17.3
Bengaluru,5,2.9,6.4,21.5,90.0,15.2
Bengaluru,6,3.4,7.4,21.5,91.0,15.2
Bengaluru,7,3.7,5.6,22.3,88.0,14.6
Bengaluru,8,3.5,5.3,23.8,79.0,19.9
Bengaluru,9,3.4,5.9,25.2,71.0,24.0
Bengaluru,10,3.5,6.1,25.7,68.0,22.9
Bengaluru,11,3.9,8.4,27.1,60.0,24.0
Bengaluru,12,5.1,11.9,27.8,56.0,25.7
Bengaluru,13,5.6,14.1,28.2,58.0,24.3
Bengaluru,14,6.9,18.0,28.6,55.0,25.6
Bengaluru,15,7.8,19.5,27.3,59.0,23.4
Bengaluru,16,7.7,17.7,24.0,82.0,18.2
Bengaluru,17,10.6,24.5,26.4,64.0,20.2
Bengaluru,18,9.5,17.1,24.9,68.0,18.4
Bengaluru,19,8.5,14.0,23.7,74.0,17.0
Bengaluru,20,7.9,12.8,23.0,78.0,18.2
Bengaluru,21,7.2,12.0,22.4,81.0,18.3
Bengaluru,22,6.5,10.8,21.8,83.0,18.7
Bengaluru,23,6.2,10.9,22.3,84.0,17.2
Bengaluru,0,5.8,11.0,22.0,88.0,17.2
Bengaluru,1,5.3,10.2,22.0,87.0,18.8
Bengaluru,2,4.5,8.8,21.5,88.0,18.2
Bengaluru,3,3.1,5.8,21.2,90.0,17.1
Bengaluru,4,2.6,5.2,21.0,90.0,18.5
Bengaluru,5,2.5,4.4,21.8,88.0,18.4
Bengaluru,6,2.4,4.2,21.8,88.0,18.5
Bengaluru,7,3.4,4.6,22.5,82.0,19.9
Bengaluru,8,3.3,4.6,23.5,78.0,24.6
Bengaluru,9,3.3,4.6,24.4,74.0,21.8
Bengaluru,10,3.5,5.8,25.6,68.0,24.9
Bengaluru,11,4.1,8.0,26.6,62.0,25.6
Bengaluru,12,5.1,10.9,27.2,60.0,26.1
Bengaluru,13,7.3,17.3,27.9,58.0,25.7
Bengaluru,14,7.8,17.8,27.8,61.0,22.9
Bengaluru,15,6.9,15.4,24.0,81.0,14.3
Bengaluru,16,5.6,10.1,27.0,63.0,22.5
Bengaluru,17,7.6,13.4,25.6,69.0,21.4
Bengaluru,18,7.0,11.5,24.5,74.0,16.5
Bengaluru,19,7.2,10.8,24.1,73.0,18.8
Bengaluru,20,6.8,10.2,23.5,76.0,17.6
Bengaluru,21,5.5,8.2,23.1,80.0,17.8
Bengaluru,22,5.2,7.9,22.5,83.0,17.5
Bengaluru,23,3.9,5.1,22.4,86.0,15.4
Bengaluru,0,3.4,5.4,22.1,88.0,15.7
Bengaluru,1,3.1,5.5,21.8,90.0,16.3
Bengaluru,2,2.6,4.4,21.5,92.0,17.4
Bengaluru,3,2.0,3.1,21.6,91.0,17.3
Bengaluru,4,1.7,2.6,21.4,91.0,16.4
Bengaluru,5,2.2,4.0,21.5,89.0,16.6
Bengaluru,6,2.4,4.3,21.7,89.0,16.0
Bengaluru,7,3.5,5.6,22.9,85.0,15.0
Bengaluru,8,4.0,6.4,24.0,79.0,22.6
Bengaluru,9,4.1,7.4,25.2,72.0,24.1
Bengaluru,10,4.5,9.5,26.9,65.0,23.7
Bengaluru,11,5.4,11.5,27.7,60.0,23.7
Bengaluru,12,5.8,12.1,28.4,56.0,24.7
Bengaluru,13,6.4,13.8,28.5,56.0,23.2
Bengaluru,14,6.5,13.5,26.5,69.0,19.1
Bengaluru,15,6.5,13.3,27.1,63.0,20.6
Bengaluru,16,5.6,10.7,26.1,67.0,20.2
Bengaluru,17,9.0,15.3,26.7,62.0,20.8
Bengaluru,18,9.2,14.2,24.8,72.0,17.0
Bengaluru,19,9.0,12.8,23.4,78.0,17.8
Bengaluru,20,8.1,11.0,23.0,80.0,15.9
Bengaluru,21,6.9,9.4,22.1,87.0,13.9
Bengaluru,22,5.9,7.7,21.7,93.0,12.5
Bengaluru,23,4.6,5.6,22.5,89.0,13.3
Bengaluru,0,3.3,3.8,22.3,88.0,12.7
Bengaluru,1,2.6,2.9,21.7,91.0,12.9
Bengaluru,2,2.2,2.7,21.6,91.0,14.5
Bengaluru,3,2.2,3.0,21.1,93.0,13.8
Bengaluru,4,2.1,3.2,21.0,94.0,13.7
Bengaluru,5,2.3,3.0,21.4,96.0,12.7
Bengaluru,6,2.3,2.8,21.5,95.0,14.2
Bengaluru,7,2.7,3.2,22.0,92.0,14.3
Bengaluru,8,3.5,4.8,23.3,84.0,18.6
Bengaluru,9,3.2,4.6,24.2,77.0,19.1
Bengaluru,10,3.0,4.9,25.3,73.0,18.7
Bengaluru,11,3.1,5.5,25.3,71.0,18.2
Bengaluru,12,4.4,9.6,25.6,68.0,19.4
Bengaluru,13,6.2,14.3,25.7,73.0,17.3
Bengaluru,14,7.9,19.3,27.4,64.0,18.0
Bengaluru,15,8.0,20.0,23.6,82.0,18.5
Bengaluru,16,8.7,17.5,23.2,89.0,13.8
Bengaluru,17,6.5,11.5,25.0,74.0,16.5
Bengaluru,18,6.0,8.5,20.8,98.0,7.4
Bengaluru,19,5.9,7.5,22.2,90.0,11.8
Bengaluru,20,5.2,6.0,22.0,89.0,15.2
Bengaluru,21,4.3,5.1,21.8,89.0,15.1
Bengaluru,22,4.3,5.7,21.7,88.0,15.0
Bengaluru,23,3.9,5.4,22.5,84.0,16.8
Bengaluru,0,2.9,4.0,22.1,87.0,15.9
Bengaluru,1,2.1,2.7,21.8,88.0,14.1
Bengaluru,2,2.0,2.8,21.6,88.0,13.7
Bengaluru,3,2.6,4.9,21.4,88.0,14.2
Bengaluru,4,2.9,5.6,21.3,90.0,15.0
Bengaluru,5,1.8,2.5,21.5,91.0,14.7
Bengaluru,6,1.8,2.3,21.3,92.0,14.5
Bengaluru,7,2.3,2.7,21.8,91.0,14.4
Bengaluru,8,2.2,2.5,22.6,86.0,17.5
Bengaluru,9,2.0,2.3,23.5,81.0,18.7
Bengaluru,10,2.0,2.6,24.5,74.0,19.6
Bengaluru,11,2.5,4.5,26.9,65.0,18.8
Bengaluru,12,4.2,9.3,28.9,58.0,18.3
Bengaluru,13,5.8,13.6,28.6,55.0,18.3
Bengaluru,14,6.9,16.5,28.8,53.0,17.9
Bengaluru,15,8.2,19.9,28.2,54.0,18.4
Bengaluru,16,8.4,19.4,27.9,55.0,17.4
Bengaluru,17,9.5,17.7,27.2,58.0,15.3
Bengaluru,18,10.6,19.8,25.4,69.0,9.9
Bengaluru,19,9.1,15.7,24.6,75.0,10.8
Bengaluru,20,8.1,13.5,23.7,79.0,11.7
Bengaluru,21,8.5,15.4,22.8,82.0,12.0
Bengaluru,22,8.1,14.5,22.1,89.0,11.2
Bengaluru,23,7.4,13.2,21.7,95.0,11.0
Bengaluru,0,6.2,11.4,21.7,93.0,11.0
Bengaluru,1,5.5,10.7,21.0,94.0,12.4
Bengaluru,2,5.1,10.3,21.0,95.0,13.3
Bengaluru,3,5.2,10.9,20.9,97.0,11.9
Bengaluru,4,5.3,11.4,21.0,97.0,11.5
Bengaluru,5,4.1,8.3,21.4,93.0,9.9
Bengaluru,6,4.3,8.3,21.1,97.0,10.3
Bengaluru,7,5.8,11.1,21.8,93.0,11.2
Bengaluru,8,6.6,14.1,23.1,84.0,14.2
Bengaluru,9,7.7,17.9,24.8,74.0,15.8
Bengaluru,10,10.7,28.1,26.2,65.0,17.4
Bengaluru,11,9.1,22.8,26.0,67.0,16.9
Bengaluru,12,10.7,27.8,24.2,77.0,15.7
Bengaluru,13,10.3,25.3,25.3,75.0,14.7
Bengaluru,14,10.0,21.1,24.7,77.0,16.9
Bengaluru,15,9.3,17.2,22.8,88.0,9.5
Bengaluru,16,8.5,13.6,23.6,87.0,7.5
Bengaluru,17,12.2,25.6,25.5,70.0,12.1
Bengaluru,18,15.1,25.6,24.8,72.0,10.6
Bengaluru,19,15.8,25.2,24.2,74.0,11.5
Bengaluru,20,13.6,21.6,23.4,77.0,12.8
Bengaluru,21,12.2,19.5,22.5,85.0,11.5
Bengaluru,22,9.4,13.6,22.1,87.0,12.3
Bengaluru,23,7.9,10.6,21.8,91.0,11.7
Bengaluru,0,5.7,7.4,21.2,95.0,10.3
Bengaluru,1,4.4,5.7,21.0,97.0,11.9
Bengaluru,2,3.7,5.1,20.9,98.0,12.4
Bengaluru,3,3.4,5.0,20.5,98.0,13.1
Bengaluru,4,3.3,5.2,20.5,95.0,13.8
Bengaluru,5,2.9,4.1,20.6,96.0,12.5
Bengaluru,6,3.0,3.8,20.4,96.0,11.7
Bengaluru,7,3.7,4.5,21.5,89.0,13.2
Bengaluru,8,4.0,5.0,23.3,79.0,16.5
Bengaluru,9,3.8,5.3,24.4,73.0,16.5
Bengaluru,10,4.2,8.6,25.1,72.0,15.4
Bengaluru,11,5.5,10.4,25.7,67.0,14.6
Bengaluru,12,6.3,11.3,24.1,78.0,10.4
Bengaluru,13,6.4,11.5,27.3,64.0,12.9
Bengaluru,14,5.9,11.1,27.7,62.0,12.0
Bengaluru,15,6.2,10.2,27.3,63.0,10.4
Bengaluru,16,7.4,10.2,23.1,81.0,15.6
Bengaluru,17,8.1,9.6,23.1,89.0,8.5
Bengaluru,18,9.5,11.0,21.4,95.0,11.1
Bengaluru,19,10.0,12.3,20.9,97.0,13.2
Bengaluru,20,9.8,12.4,21.0,97.0,11.7
Bengaluru,21,8.6,11.3,20.8,98.0,11.1
Bengaluru,22,8.5,11.0,20.6,98.0,13.0
Bengaluru,23,8.0,10.9,20.5,97.0,13.9
Bengaluru,0,6.6,9.4,20.3,97.0,14.3
Bengaluru,1,5.4,7.9,20.3,97.0,15.2
Bengaluru,2,4.0,5.9,20.1,98.0,13.5
Bengaluru,3,3.4,5.2,20.3,98.0,12.7
Bengaluru,4,3.2,5.0,20.2,98.0,12.6
Bengaluru,5,3.3,4.4,20.3,98.0,12.3
Bengaluru,6,3.6,5.2,20.4,98.0,12.4
Bengaluru,7,4.6,8.3,21.0,94.0,15.4
Bengaluru,8,6.4,9.7,22.5,86.0,15.7
Bengaluru,9,6.5,10.6,24.0,80.0,15.3
Bengaluru,10,7.3,14.2,25.8,70.0,18.0
Bengaluru,11,8.6,18.6,25.9,68.0,17.3
Bengaluru,12,8.6,19.3,27.2,63.0,16.8
Bengaluru,13,9.6,20.5,26.0,65.0,20.4
Bengaluru,14,10.4,21.7,25.7,72.0,16.4
Bengaluru,15,11.2,20.8,25.7,70.0,18.1
Bengaluru,16,11.7,21.5,24.7,77.0,11.9
Bengaluru,17,10.0,16.5,25.5,73.0,13.5
Bengaluru,18,10.6,16.4,24.5,72.0,14.4
Bengaluru,19,11.1,16.1,22.8,83.0,11.3
Bengaluru,20,10.4,15.0,21.9,91.0,10.5
Bengaluru,21,9.7,14.2,21.7,92.0,9.1
Bengaluru,22,9.1,13.0,21.2,97.0,11.0
Bengaluru,23,7.8,10.9,21.3,95.0,11.3
Bengaluru,0,6.1,8.8,20.8,95.0,13.1
Bengaluru,1,4.9,6.7,20.4,97.0,13.6
Bengaluru,2,3.9,5.0,20.3,98.0,13.7
Bengaluru,3,3.1,4.0,20.2,98.0,14.4
Bengaluru,4,3.0,4.2,20.1,98.0,14.1
Bengaluru,5,3.8,6.1,20.3,97.0,12.1
Bengaluru,6,4.0,6.5,20.3,97.0,11.7
Bengaluru,7,5.5,8.1,21.2,93.0,14.2
Bengaluru,8,5.4,8.5,22.8,82.0,17.4
Bengaluru,9,5.6,9.7,24.0,77.0,18.2
Bengaluru,10,6.9,14.0,25.2,71.0,18.7
Bengaluru,11,7.9,16.3,26.4,63.0,18.1
Bengaluru,12,8.5,19.0,26.9,60.0,17.1
Bengaluru,13,10.2,20.5,27.2,60.0,17.0
Bengaluru,14,11.0,22.1,24.2,75.0,20.4
Bengaluru,15,12.0,24.1,24.1,82.0,15.1
Bengaluru,16,12.1,25.8,22.3,92.0,12.8
Bengaluru,17,14.9,30.6,23.1,89.0,10.7
Bengaluru,18,15.5,27.1,22.7,93.0,13.0
Bengaluru,19,17.1,30.4,22.3,91.0,14.2
Bengaluru,20,14.1,22.5,21.7,89.0,16.4
Bengaluru,21,11.8,18.4,21.5,88.0,15.8
Bengaluru,22,9.9,14.5,21.3,89.0,16.3
Bengaluru,23,7.9,10.8,21.4,88.0,14.3
Bengaluru,0,5.6,7.3,21.1,89.0,13.4
Bengaluru,1,4.0,5.2,21.0,90.0,13.1
Bengaluru,2,3.2,4.2,20.8,91.0,13.5
Bengaluru,3,3.0,4.1,20.8,91.0,12.9
Bengaluru,4,2.7,3.9,20.6,92.0,13.0
Bengaluru,5,2.7,4.4,20.5,97.0,11.9
Bengaluru,6,3.1,5.0,20.5,96.0,12.8
Bengaluru,7,4.6,7.0,21.2,93.0,14.4
Bengaluru,8,5.2,8.2,21.9,88.0,16.1
Bengaluru,9,5.1,7.9,23.5,79.0,17.7
Bengaluru,10,4.3,6.7,25.2,73.0,17.2
Bengaluru,11,3.8,6.7,25.4,70.0,19.3
Bengaluru,12,4.3,8.1,25.9,68.0,18.5
Bengaluru,13,5.9,10.0,27.1,64.0,17.8
Bengaluru,14,6.8,10.6,22.6,87.0,19.1
Bengaluru,15,8.1,12.5,22.6,95.0,10.9
Bengaluru,16,8.8,13.9,21.3,96.0,17.3
Bengaluru,17,5.8,8.2,21.7,98.0,11.4
Bengaluru,18,8.7,13.2,21.3,95.0,12.2
Bengaluru,19,9.3,12.9,21.0,95.0,11.7
Bengaluru,20,8.7,11.3,20.6,97.0,15.2
Bengaluru,21,7.2,8.5,20.7,96.0,14.9
Bengaluru,22,5.8,6.4,20.8,96.0,15.7
Bengaluru,23,4.7,5.0,21.3,95.0,15.6
Bengaluru,0,3.7,4.0,21.0,95.0,14.7
Bengaluru,1,2.9,3.1,20.8,94.0,14.2
Bengaluru,2,2.4,2.8,20.7,93.0,14.2
Bengaluru,3,2.3,3.0,20.6,92.0,14.1
Bengaluru,4,2.2,3.0,20.5,92.0,14.9
Bengaluru,5,1.8,1.9,21.0,91.0,12.8
Bengaluru,6,1.9,2.3,21.0,91.0,11.2
Bengaluru,7,3.2,3.8,22.0,87.0,11.4
Bengaluru,8,4.3,5.5,22.5,84.0,13.9
Bengaluru,9,4.5,6.6,23.5,81.0,16.4
Bengaluru,10,5.0,8.3,24.9,75.0,16.1
Bengaluru,11,5.4,9.4,27.1,64.0,16.8
Bengaluru,12,6.9,14.1,24.6,72.0,18.4
Bengaluru,13,5.5,10.5,24.6,75.0,11.5
Bengaluru,14,6.5,11.3,26.3,71.0,15.9
Bengaluru,15,7.9,13.3,26.0,67.0,13.5
Bengaluru,16,8.9,15.2,24.2,76.0,15.1
Bengaluru,17,12.5,22.1,24.7,76.0,10.0
Bengaluru,18,12.9,19.4,24.4,75.0,13.9
Bengaluru,19,12.9,17.8,22.8,82.0,11.0
Bengaluru,20,11.7,15.3,21.3,89.0,10.5
Bengaluru,21,9.7,11.9,21.6,94.0,12.8
Bengaluru,22,7.7,9.0,21.5,94.0,13.5
Bengaluru,23,6.0,6.9,21.4,92.0,13.2
Bengaluru,0,4.3,5.0,20.8,93.0,13.8
Bengaluru,1,3.3,3.8,20.7,94.0,13.6
Bengaluru,2,2.7,3.2,20.6,95.0,13.8
Bengaluru,3,2.5,3.2,20.5,94.0,14.4
Bengaluru,4,2.4,3.4,20.4,93.0,14.3
Bengaluru,5,2.2,2.8,20.6,93.0,14.2
Bengaluru,6,2.2,2.8,20.6,94.0,12.8
Bengaluru,7,2.4,3.2,21.6,90.0,14.4
Bengaluru,8,2.8,4.3,23.1,81.0,16.2
Bengaluru,9,3.4,4.8,24.3,75.0,15.0
Bengaluru,10,3.8,7.0,25.1,74.0,16.5
Bengaluru,11,3.8,7.1,25.8,67.0,16.4
Bengaluru,12,4.6,9.1,26.9,62.0,16.8
Bengaluru,13,5.2,10.7,28.0,61.0,14.8
Bengaluru,14,7.4,15.7,28.4,58.0,14.9
Bengaluru,15,6.8,13.6,28.5,56.0,15.1
Bengaluru,16,7.2,12.5,28.0,58.0,14.8
Bengaluru,17,12.1,22.1,26.5,62.0,13.4
Bengaluru,18,14.1,21.9,25.4,67.0,11.0
Bengaluru,19,14.2,20.8,24.7,70.0,11.6
Bengaluru,20,13.1,18.4,23.7,77.0,8.7
Bengaluru,21,11.2,15.1,23.2,79.0,12.6
Bengaluru,22,10.1,12.9,22.7,82.0,12.0
Bengaluru,23,8.8,11.0,21.7,87.0,11.7
Bengaluru,0,7.1,8.9,21.1,89.0,10.4
Bengaluru,1,6.0,7.6,20.6,92.0,9.8
Bengaluru,2,5.1,6.7,20.3,94.0,10.5
Bengaluru,3,4.5,6.2,20.1,95.0,10.6
Bengaluru,4,4.0,5.8,20.1,96.0,9.5
Bengaluru,5,3.9,5.6,20.3,95.0,9.6
Bengaluru,6,4.1,5.6,20.5,94.0,10.1
Bengaluru,7,4.1,5.8,21.1,92.0,11.7
Bengaluru,8,4.9,6.6,23.1,79.0,13.4
Bengaluru,9,4.9,7.1,24.3,74.0,13.1
Bengaluru,10,5.4,9.0,25.4,69.0,13.8
Bengaluru,11,6.3,11.3,26.7,63.0,13.1
Bengaluru,12,7.0,13.0,27.8,58.0,13.5
Bengaluru,13,7.5,14.2,28.4,55.0,14.4
Bengaluru,14,7.4,14.6,28.9,54.0,13.6
Bengaluru,15,7.6,15.4,27.6,60.0,16.1
Bengaluru,16,8.4,14.8,25.2,77.0,12.9
Bengaluru,17,9.8,14.3,25.6,73.0,11.1
Bengaluru,18,10.3,13.8,24.0,84.0,11.0
Bengaluru,19,12.9,16.1,22.9,91.0,9.4
Bengaluru,20,13.3,16.4,22.7,93.0,9.6
Bengaluru,21,12.2,15.2,21.9,95.0,8.0
Bengaluru,22,11.2,14.0,21.8,97.0,9.0
Bengaluru,23,10.0,12.5,21.5,96.0,9.4
Bengaluru,0,8.4,10.7,21.3,97.0,7.9
Bengaluru,1,7.2,9.2,20.9,98.0,9.4
Bengaluru,2,6.2,8.0,20.6,98.0,9.1
Bengaluru,3,5.6,7.5,20.4,98.0,8.7
Bengaluru,4,5.4,7.6,20.2,99.0,8.2
Bengaluru,5,5.3,7.4,20.2,98.0,8.6
Bengaluru,6,5.5,7.4,20.4,97.0,9.6
Bengaluru,7,6.3,8.2,21.3,91.0,10.7
Bengaluru,8,5.5,7.5,22.7,83.0,12.3
Bengaluru,9,5.6,8.2,24.3,75.0,13.2
Bengaluru,10,5.9,9.5,25.5,70.0,13.5
Bengaluru,11,6.9,12.0,26.1,64.0,14.2
Bengaluru,12,7.4,13.4,27.0,61.0,14.9
Bengaluru,13,7.8,14.2,27.7,62.0,14.4
Bengaluru,14,8.1,14.7,28.2,59.0,14.5
Bengaluru,15,8.2,15.0,28.4,58.0,15.0
Bengaluru,16,8.5,13.6,28.1,59.0,14.9
Bengaluru,17,12.6,20.8,25.9,65.0,10.2
Bengaluru,18,14.5,21.1,25.3,68.0,9.5
Bengaluru,19,15.7,21.9,24.6,72.0,10.9
Bengaluru,20,16.0,22.6,24.1,73.0,14.3
Bengaluru,21,14.5,20.4,23.2,77.0,14.5
Bengaluru,22,12.5,17.1,22.3,81.0,14.3
Bengaluru,23,10.2,13.6,22.2,83.0,13.0
Bengaluru,0,8.0,10.5,21.6,87.0,12.5
Bengaluru,1,6.4,8.6,21.2,89.0,13.5
Bengaluru,2,5.6,7.9,20.8,90.0,14.6
Bengaluru,3,5.4,8.0,20.6,89.0,14.5
Bengaluru,4,5.4,8.4,20.3,91.0,14.1
Bengaluru,5,4.7,7.4,20.5,92.0,12.8
Bengaluru,6,4.9,7.7,20.3,93.0,12.1
Bengaluru,7,5.2,8.6,21.6,87.0,15.0
Bengaluru,8,5.8,9.6,23.1,78.0,17.0
Bengaluru,9,6.2,10.8,24.4,70.0,16.6
Bengaluru,10,6.5,11.9,25.3,66.0,17.0
Bengaluru,11,7.1,13.6,26.8,60.0,16.9
Bengaluru,12,7.0,13.2,27.6,59.0,15.3
Bengaluru,13,6.4,11.6,28.4,57.0,14.7
Bengaluru,14,5.7,9.5,28.7,54.0,15.4
Bengaluru,15,5.2,8.4,28.6,53.0,17.7
Bengaluru,16,5.1,8.1,26.9,63.0,13.4
Bengaluru,17,10.7,16.8,26.9,64.0,13.8
Bengaluru,18,12.2,16.8,25.5,68.0,12.1
Bengaluru,19,12.8,17.2,24.7,72.0,10.6
Bengaluru,20,12.9,17.5,24.2,73.0,13.8
Bengaluru,21,12.0,16.3,23.2,75.0,14.9
Bengaluru,22,11.5,15.7,22.5,80.0,13.7
Bengaluru,23,10.1,13.9,22.3,83.0,13.4
Bengaluru,0,8.8,12.4,21.9,85.0,12.5
Bengaluru,1,7.7,11.1,21.7,87.0,12.3
Bengaluru,2,6.8,10.1,21.7,87.0,12.5
Bengaluru,3,6.0,9.0,21.4,88.0,12.2
Bengaluru,4,5.2,7.7,21.0,90.0,13.1
Bengaluru,5,3.8,5.0,21.2,90.0,12.5
Bengaluru,6,3.6,4.5,21.0,91.0,12.3
Bengaluru,7,3.5,4.3,22.0,87.0,14.5
Bengaluru,8,3.5,4.2,23.6,78.0,15.5
Bengaluru,9,3.6,4.7,24.5,73.0,16.4
Bengaluru,10,3.6,4.7,25.5,69.0,16.0
Bengaluru,11,3.8,5.2,27.2,60.0,17.0
Bengaluru,12,3.7,5.2,28.1,58.0,16.2
Bengaluru,13,4.0,6.1,28.8,57.0,14.4
Bengaluru,14,7.6,13.8,28.9,57.0,15.0
Bengaluru,15,6.6,11.2,26.8,64.0,18.3
Bengaluru,16,8.1,13.0,27.4,60.0,15.0
Bengaluru,17,10.9,16.9,27.0,60.0,13.0
Bengaluru,18,13.2,17.5,25.4,66.0,14.7
Bengaluru,19,13.1,17.0,23.0,82.0,7.1
Bengaluru,20,13.0,16.7,22.8,86.0,8.7
Bengaluru,21,12.5,16.2,22.6,85.0,9.7
Bengaluru,22,12.1,16.0,22.2,84.0,12.2
Bengaluru,23,11.2,15.5,22.1,85.0,12.4
Bengaluru,0,9.7,14.3,21.5,87.0,13.0
Bengaluru,1,8.5,12.9,21.0,90.0,13.2
Bengaluru,2,7.3,11.1,20.7,93.0,12.5
Bengaluru,3,6.4,9.5,20.5,94.0,12.6
Bengaluru,4,5.6,8.1,20.4,94.0,12.6
Bengaluru,5,4.4,6.0,20.4,93.0,11.6
Bengaluru,6,4.3,5.9,20.2,95.0,10.1
Bengaluru,7,4.3,5.9,21.4,89.0,12.8
Bengaluru,8,4.8,6.7,23.5,77.0,15.2
Bengaluru,9,4.6,6.2,24.7,71.0,16.4
Bengaluru,10,4.3,6.2,25.7,67.0,15.9
Bengaluru,11,3.8,5.6,26.9,61.0,16.8
Bengaluru,12,3.9,5.7,27.3,60.0,16.1
Bengaluru,13,3.7,5.4,28.7,57.0,15.5
Bengaluru,14,4.6,7.7,29.3,55.0,17.0
Bengaluru,15,5.1,9.1,28.9,55.0,16.0
Bengaluru,16,5.9,9.7,26.3,68.0,14.5
Bengaluru,17,7.8,10.9,27.2,58.0,16.5
Bengaluru,18,10.1,12.7,25.0,71.0,10.1
Bengaluru,19,10.8,13.3,24.0,79.0,9.4
Bengaluru,20,9.6,12.0,22.4,85.0,14.7
Bengaluru,21,9.4,11.7,21.7,90.0,10.6
Bengaluru,22,9.3,11.4,21.5,93.0,12.2
Bengaluru,23,8.3,10.2,21.8,91.0,12.5
Bengaluru,0,6.6,8.3,21.3,91.0,13.2
Bengaluru,1,5.1,7.0,21.2,90.0,13.4
Bengaluru,2,4.3,6.3,20.9,91.0,12.5
Bengaluru,3,3.9,6.1,20.6,93.0,12.8
Bengaluru,4,3.9,6.5,20.4,92.0,13.6
Bengaluru,5,4.5,7.7,20.4,93.0,13.1
Bengaluru,6,4.9,8.3,20.5,92.0,13.3
Bengaluru,7,5.8,9.7,21.1,89.0,15.0
Bengaluru,8,5.7,10.1,22.9,78.0,18.9
Bengaluru,9,6.3,11.0,24.5,69.0,20.0
Bengaluru,10,7.1,13.7,25.4,65.0,20.0
Bengaluru,11,8.1,16.6,26.0,63.0,19.6
Bengaluru,12,9.3,19.7,27.7,56.0,20.2
Bengaluru,13,7.4,14.5,28.6,53.0,19.6
Bengaluru,14,6.3,11.5,28.9,52.0,19.5
Bengaluru,15,5.7,10.2,28.6,53.0,19.2
Bengaluru,16,5.7,10.0,28.1,54.0,18.7
Bengaluru,17,7.2,12.5,27.6,53.0,14.8
Bengaluru,18,9.8,14.6,26.2,59.0,12.0
Bengaluru,19,11.3,15.8,25.0,65.0,12.2
Bengaluru,20,11.0,15.1,24.0,70.0,14.1
Bengaluru,21,10.2,13.8,23.2,75.0,14.1
Bengaluru,22,9.7,13.1,22.5,79.0,13.2
Bengaluru,23,8.5,11.5,22.1,82.0,13.1
Bengaluru,0,7.1,9.7,21.6,85.0,11.7
Bengaluru,1,6.0,8.3,21.1,87.0,11.8
Bengaluru,2,5.2,7.5,20.8,89.0,12.0
Bengaluru,3,4.7,7.0,20.6,90.0,12.5
Bengaluru,4,4.4,6.8,20.3,91.0,12.1
Bengaluru,5,3.9,5.6,20.7,90.0,12.3
Bengaluru,6,3.8,5.4,20.4,91.0,12.4
Bengaluru,7,4.2,6.2,21.8,84.0,15.5
Bengaluru,8,4.5,7.1,23.5,74.0,18.6
Bengaluru,9,4.9,8.5,25.0,66.0,19.1
Bengaluru,10,5.4,10.0,26.9,58.0,18.9
Bengaluru,11,5.9,11.0,27.3,56.0,18.4
Bengaluru,12,5.6,10.7,28.4,54.0,17.3
Bengaluru,13,5.3,9.9,29.3,50.0,17.1
Bengaluru,14,5.0,9.0,30.0,47.0,17.5
Bengaluru,15,5.0,8.8,29.0,49.0,20.4
Bengaluru,16,6.3,10.8,27.5,59.0,13.6
Bengaluru,17,9.5,17.8,27.2,57.0,12.8
Bengaluru,18,11.9,19.8,26.2,62.0,7.1
Bengaluru,19,14.2,21.8,25.3,64.0,11.5
Bengaluru,20,14.8,21.8,24.4,69.0,12.4
Bengaluru,21,13.9,20.3,23.8,72.0,13.2
Bengaluru,22,12.8,18.6,22.9,76.0,12.5
Bengaluru,23,11.1,16.2,22.6,79.0,11.7
Bengaluru,0,9.1,13.6,21.9,83.0,11.9
Bengaluru,1,7.8,11.8,21.3,86.0,11.7
Bengaluru,2,6.8,10.3,20.7,89.0,10.5
Bengaluru,3,5.9,8.9,20.3,92.0,10.6
Bengaluru,4,5.2,7.7,20.0,94.0,10.6
Bengaluru,5,5.4,8.7,20.9,91.0,11.8
Bengaluru,6,4.9,7.5,20.6,93.0,11.1
Bengaluru,7,5.0,8.1,21.6,88.0,13.4
Bengaluru,8,6.2,10.0,23.1,78.0,15.5
Bengaluru,9,6.8,12.6,24.8,68.0,16.7
Bengaluru,10,8.3,18.1,26.3,61.0,17.3
Bengaluru,11,9.4,21.2,26.6,61.0,16.0
Bengaluru,12,9.7,21.7,27.4,59.0,15.5
Bengaluru,13,9.2,19.6,28.3,55.0,15.9
Bengaluru,14,8.7,17.3,28.9,51.0,16.7
Bengaluru,15,8.8,17.1,28.8,50.0,17.4
Bengaluru,16,8.7,16.8,28.1,53.0,16.2
Bengaluru,17,10.3,18.3,26.6,57.0,19.4
Bengaluru,18,11.5,18.2,24.0,76.0,8.1
Bengaluru,19,12.7,18.6,23.9,79.0,10.8
Bengaluru,20,13.3,18.7,23.4,78.0,10.4
Bengaluru,21,12.3,16.9,22.9,81.0,10.5
Bengaluru,22,10.9,14.5,22.4,81.0,12.0
Bengaluru,23,9.1,12.0,22.0,83.0,11.9
Bengaluru,0,7.5,10.2,21.3,88.0,10.1
Bengaluru,1,6.9,9.9,20.8,90.0,10.3
Bengaluru,2,6.8,10.5,20.5,91.0,8.9
Bengaluru,3,7.1,11.8,20.0,91.0,10.7
Bengaluru,4,7.6,13.2,19.8,91.0,11.0
Bengaluru,5,7.6,14.1,20.3,91.0,11.4
Bengaluru,6,7.8,14.1,20.2,92.0,10.9
Bengaluru,7,8.3,14.2,21.6,85.0,13.9
Bengaluru,8,7.1,12.2,23.5,74.0,16.4
Bengaluru,9,7.3,12.0,24.6,68.0,16.0
Bengaluru,10,6.9,12.7,26.0,63.0,16.0
Bengaluru,11,7.2,13.1,27.5,58.0,15.0
Bengaluru,12,8.0,14.8,28.4,55.0,15.1
Bengaluru,13,8.4,15.9,29.3,53.0,14.4
Bengaluru,14,8.6,16.9,29.7,52.0,14.9
Bengaluru,15,9.5,19.9,29.8,51.0,13.8
Bengaluru,16,9.7,18.3,25.7,70.0,14.6
Bengaluru,17,13.4,22.5,26.5,63.0,14.5
Bengaluru,18,15.7,22.8,25.4,67.0,11.9
Bengaluru,19,15.4,21.4,24.8,72.0,10.5
Bengaluru,20,14.6,19.9,24.3,75.0,10.7
Bengaluru,21,13.5,18.0,23.6,79.0,10.7
Bengaluru,22,12.5,16.3,22.9,82.0,10.2
Bengaluru,23,11.1,14.6,22.4,87.0,10.0
Bengaluru,0,9.2,12.2,22.1,90.0,8.5
Bengaluru,1,7.7,10.3,21.9,90.0,10.1
Bengaluru,2,6.6,8.8,21.4,92.0,11.2
Bengaluru,3,5.7,7.5,21.2,92.0,11.2
Bengaluru,4,5.2,6.8,21.2,90.0,10.7
Bengaluru,5,4.5,6.1,21.1,91.0,9.0
Bengaluru,6,4.8,6.7,21.0,91.0,9.1
Bengaluru,7,5.8,8.5,22.0,86.0,9.7
Bengaluru,8,5.9,9.4,23.8,75.0,14.2
Bengaluru,9,5.8,10.0,24.6,71.0,15.3
Bengaluru,10,5.7,9.6,26.2,63.0,16.8
Bengaluru,11,5.4,9.4,27.1,59.0,17.6
Bengaluru,12,5.7,10.6,26.8,60.0,16.2
Bengaluru,13,6.5,13.3,28.3,57.0,15.4
Bengaluru,14,7.6,16.2,27.1,62.0,18.2
Bengaluru,15,8.6,18.5,25.4,73.0,12.4
Bengaluru,16,9.0,16.5,24.6,76.0,15.7
Bengaluru,17,11.6,18.7,23.8,83.0,13.1
Bengaluru,18,15.7,26.7,23.2,87.0,7.4
Bengaluru,19,17.2,30.4,23.2,88.0,9.8
Bengaluru,20,15.5,25.8,23.2,87.0,9.7
Bengaluru,21,14.3,24.3,23.0,87.0,10.8
Bengaluru,22,13.5,22.8,22.7,87.0,10.1
Bengaluru,23,9.9,14.9,22.0,93.0,9.7
Bengaluru,0,6.9,9.5,21.3,95.0,9.2
Bengaluru,1,5.3,7.1,21.3,95.0,9.6
Bengaluru,2,4.6,6.2,21.2,96.0,10.4
Bengaluru,3,4.7,7.1,21.0,96.0,9.9
Bengaluru,4,4.5,7.2,20.9,96.0,9.0
Bengaluru,5,4.2,6.7,21.2,92.0,11.2
Bengaluru,6,4.7,7.6,21.0,93.0,12.3
Bengaluru,7,5.6,8.9,21.7,90.0,11.3
Bengaluru,8,5.7,10.2,23.2,82.0,13.6
Bengaluru,9,7.1,14.4,24.9,72.0,17.3
Bengaluru,10,7.8,16.8,25.2,71.0,17.9
Bengaluru,11,8.4,19.5,26.3,67.0,17.3
Bengaluru,12,12.6,33.4,25.7,69.0,14.4
Bengaluru,13,9.1,22.8,28.0,60.0,16.2
Bengaluru,14,9.4,24.1,24.5,81.0,13.0
Bengaluru,15,9.9,25.3,25.3,82.0,9.6
Bengaluru,16,11.3,25.0,25.6,76.0,8.8
Bengaluru,17,7.9,11.1,25.6,72.0,7.7
Bengaluru,18,10.4,14.5,23.3,86.0,11.7
Bengaluru,19,11.7,15.5,23.1,86.0,10.9
Bengaluru,20,11.2,15.3,22.5,88.0,12.1
Bengaluru,21,10.0,13.5,22.4,87.0,14.0
Bengaluru,22,9.4,12.3,21.8,87.0,14.3
Bengaluru,23,8.6,11.1,21.5,88.0,12.9
Bengaluru,0,7.4,9.6,20.8,90.0,11.3
Bengaluru,1,6.5,8.6,20.3,91.0,11.1
Bengaluru,2,6.0,8.0,19.9,93.0,11.2
Bengaluru,3,5.8,8.0,19.7,93.0,11.0
Bengaluru,4,5.7,8.0,19.4,94.0,10.8
Bengaluru,5,6.0,8.3,19.7,93.0,10.8
Bengaluru,6,6.4,9.0,19.6,94.0,10.8
Bengaluru,7,7.3,10.7,21.0,86.0,13.6
Bengaluru,8,7.7,11.7,23.0,74.0,15.6
Bengaluru,9,8.4,13.8,24.8,65.0,16.9
Bengaluru,10,8.9,16.6,25.6,61.0,16.3
Bengaluru,11,9.4,18.2,26.5,59.0,14.2
Bengaluru,12,11.5,25.4,26.6,58.0,15.1
Bengaluru,13,11.6,27.1,28.1,53.0,15.7
Bengaluru,14,10.8,24.8,28.6,50.0,15.3
Bengaluru,15,9.9,21.9,28.8,49.0,14.8
Bengaluru,16,9.5,18.9,28.6,49.0,14.5
Bengaluru,17,9.0,17.5,27.5,55.0,12.8
Bengaluru,18,12.8,18.0,25.5,63.0,18.6
Bengaluru,19,14.6,20.5,23.8,75.0,13.3
Bengaluru,20,13.8,19.5,21.7,87.0,15.0
Bengaluru,21,11.9,15.9,21.4,93.0,14.1
Bengaluru,22,10.7,13.8,21.0,91.0,15.5
Bengaluru,23,9.0,11.3,21.0,92.0,14.0
Bengaluru,0,7.8,9.9,20.5,93.0,14.2
Bengaluru,1,7.2,9.1,20.1,94.0,12.3
Bengaluru,2,6.8,8.6,19.7,95.0,11.6
Bengaluru,3,6.4,8.1,19.5,96.0,11.8
Bengaluru,4,6.1,7.7,19.3,97.0,12.1
Bengaluru,5,4.8,5.9,19.7,93.0,12.1
Bengaluru,6,4.3,5.0,19.5,94.0,11.7
Bengaluru,7,4.4,4.8,20.5,88.0,14.6
Bengaluru,8,3.4,3.7,22.5,76.0,19.2
Bengaluru,9,3.1,3.3,23.5,73.0,18.5
Bengaluru,10,2.9,3.1,24.2,72.0,15.1
Bengaluru,11,2.6,3.0,25.3,65.0,18.3
Bengaluru,12,2.8,3.4,27.1,58.0,18.3
Bengaluru,13,3.1,4.2,27.8,57.0,17.6
Bengaluru,14,3.9,6.0,27.5,56.0,21.0
Bengaluru,15,4.6,7.1,27.1,64.0,13.3
Bengaluru,16,5.7,7.6,25.7,67.0,15.7
Bengaluru,17,9.5,12.6,24.6,74.0,15.0
Bengaluru,18,12.5,15.4,23.2,85.0,11.4
Bengaluru,19,13.5,16.6,22.1,89.0,14.5
Bengaluru,20,11.4,14.4,21.6,91.0,13.8
Bengaluru,21,9.7,12.4,21.3,93.0,13.8
Bengaluru,22,8.6,11.3,21.2,92.0,13.6
Bengaluru,23,7.3,9.7,21.4,91.0,13.3
Bengaluru,0,6.5,8.8,20.9,92.0,13.1
Bengaluru,1,6.0,8.1,20.6,93.0,13.5
Bengaluru,2,5.5,7.6,20.2,95.0,13.6
Bengaluru,3,5.2,7.3,20.2,95.0,13.1
Bengaluru,4,4.7,6.8,20.0,95.0,12.7
Bengaluru,5,4.3,6.2,20.4,95.0,12.1
Bengaluru,6,4.4,5.8,20.5,95.0,11.1
Bengaluru,7,4.1,5.6,21.7,88.0,11.9
Bengaluru,8,4.5,5.8,23.8,76.0,16.2
Bengaluru,9,4.4,6.3,24.5,73.0,16.5
Bengaluru,10,4.6,7.1,25.9,67.0,16.7
Bengaluru,11,4.4,7.2,27.6,57.0,17.6
Bengaluru,12,4.3,7.3,28.0,55.0,18.7
Bengaluru,13,4.2,6.8,27.7,56.0,18.1
Bengaluru,14,4.3,7.0,26.7,63.0,18.4
Bengaluru,15,4.9,8.7,27.6,61.0,17.4
Bengaluru,16,6.2,10.1,24.3,77.0,17.8
Bengaluru,17,9.7,15.8,24.9,74.0,11.0
Bengaluru,18,9.6,13.8,21.3,95.0,16.7
Bengaluru,19,9.0,11.9,21.2,97.0,12.0
Bengaluru,20,8.8,11.3,21.7,94.0,10.6
Bengaluru,21,8.3,10.6,21.6,92.0,16.3
Bengaluru,22,7.4,9.5,21.1,91.0,14.5
Bengaluru,23,6.7,8.5,21.6,87.0,13.4
Bengaluru,0,5.8,7.7,21.3,89.0,13.5
Bengaluru,1,4.9,6.5,21.0,91.0,12.6
Bengaluru,2,4.2,5.6,20.8,93.0,13.0
Bengaluru,3,3.7,5.1,20.7,93.0,13.6
Bengaluru,4,3.3,4.5,20.5,93.0,14.1
Bengaluru,5,2.8,3.6,20.9,91.0,13.1
Bengaluru,6,3.1,3.9,20.8,92.0,13.7
Bengaluru,7,3.7,4.4,21.9,87.0,13.2
Bengaluru,8,3.3,4.1,23.4,79.0,19.0
Bengaluru,9,3.3,4.5,24.7,71.0,19.8
Bengaluru,10,3.8,6.5,26.0,68.0,18.9
Bengaluru,11,4.5,8.4,26.7,64.0,19.6
Bengaluru,12,5.3,10.8,25.5,68.0,15.0
Bengaluru,13,6.9,12.5,23.2,83.0,19.6
Bengaluru,14,7.7,12.5,23.3,89.0,11.2
Bengaluru,15,7.9,14.2,23.4,91.0,10.2
Bengaluru,16,8.7,15.6,21.7,94.0,13.0
Bengaluru,17,7.5,10.4,23.4,85.0,12.9
Bengaluru,18,8.6,10.7,20.8,96.0,8.7
Bengaluru,19,9.0,10.7,21.4,93.0,16.2
Bengaluru,20,8.0,9.3,21.0,95.0,15.1
Bengaluru,21,6.8,8.2,21.2,94.0,15.1
Bengaluru,22,5.8,6.9,21.1,94.0,15.8
Bengaluru,23,4.8,5.9,21.4,90.0,14.4
Bengaluru,0,3.9,5.1,21.2,91.0,13.5
Bengaluru,1,3.4,4.7,21.0,93.0,13.3
Bengaluru,2,3.0,4.1,20.8,94.0,12.6
Bengaluru,3,2.6,3.4,20.8,93.0,13.4
Bengaluru,4,2.4,2.9,20.6,95.0,13.0
Bengaluru,5,2.4,3.2,21.1,92.0,11.4
Bengaluru,6,2.9,3.6,21.0,92.0,11.1
Bengaluru,7,4.3,5.0,20.6,94.0,12.4
Bengaluru,8,4.1,4.8,20.3,94.0,13.0
Bengaluru,9,5.1,8.8,21.0,94.0,11.7
Bengaluru,10,4.8,8.6,22.2,89.0,16.2
Bengaluru,11,5.6,10.7,26.0,67.0,19.6
Bengaluru,12,4.6,8.6,26.4,65.0,20.2
Bengaluru,13,6.0,12.2,27.8,62.0,20.3
Bengaluru,14,4.8,8.1,26.3,68.0,15.6
Bengaluru,15,4.7,7.8,24.6,77.0,13.4
Bengaluru,16,5.0,8.0,24.9,77.0,16.5
Bengaluru,17,6.1,10.0,24.5,81.0,12.7
Bengaluru,18,6.9,9.9,24.0,83.0,13.8
Bengaluru,19,7.2,9.3,23.9,79.0,14.2
Bengaluru,20,6.4,7.8,23.2,78.0,15.2
Bengaluru,21,5.4,6.3,22.5,82.0,14.0
Bengaluru,22,4.9,5.5,22.2,85.0,13.9
Bengaluru,23,4.4,5.0,21.8,85.0,14.6
Bengaluru,0,3.7,4.5,21.5,87.0,15.2
Bengaluru,1,3.2,3.9,21.0,90.0,12.9
Bengaluru,2,2.8,3.7,20.6,92.0,12.2
Bengaluru,3,2.7,4.1,20.2,94.0,12.3
Bengaluru,4,3.2,5.7,20.1,93.0,13.4
Bengaluru,5,3.3,5.4,20.7,91.0,13.6
Bengaluru,6,4.7,8.3,20.5,92.0,12.5
Bengaluru,7,6.4,13.9,21.8,86.0,12.4
Bengaluru,8,8.7,20.7,23.6,76.0,17.5
Bengaluru,9,8.9,19.8,24.1,76.0,14.0
Bengaluru,10,12.0,29.9,25.1,72.0,16.9
Bengaluru,11,8.8,19.2,26.7,67.0,15.9
Bengaluru,12,8.0,16.8,27.3,64.0,17.0
Bengaluru,13,7.1,13.8,28.6,58.0,17.2
Bengaluru,14,8.6,20.4,26.3,67.0,16.2
Bengaluru,15,7.7,15.9,27.3,63.0,16.1
Bengaluru,16,8.4,13.3,27.5,62.0,16.8
Bengaluru,17,17.3,33.8,25.4,74.0,10.4
Bengaluru,18,16.3,26.9,25.1,74.0,11.2
Bengaluru,19,15.3,23.7,24.4,75.0,12.9
Bengaluru,20,14.2,21.4,23.3,78.0,16.1
Bengaluru,21,12.9,19.6,22.6,82.0,15.5
Bengaluru,22,10.8,16.5,22.0,84.0,15.9
Bengaluru,23,8.6,13.2,21.7,85.0,15.6
Bengaluru,0,6.9,11.1,21.2,89.0,15.5
Bengaluru,1,5.1,8.4,20.9,91.0,14.9
Bengaluru,2,4.3,7.2,20.6,91.0,15.3
Bengaluru,3,3.8,6.5,20.4,93.0,14.8
Bengaluru,4,3.4,5.8,20.2,93.0,14.9
Bengaluru,5,2.8,4.9,20.8,91.0,14.1
Bengaluru,6,3.9,6.7,20.7,91.0,14.1
Bengaluru,7,5.1,10.5,22.0,86.0,15.7
Bengaluru,8,6.8,16.8,23.5,76.0,18.6
Bengaluru,9,8.3,20.0,24.6,72.0,18.2
Bengaluru,10,9.1,23.1,25.8,67.0,18.7
Bengaluru,11,10.5,27.8,26.2,65.0,19.3
Bengaluru,12,12.3,32.0,27.5,59.0,18.8
Bengaluru,13,12.1,30.6,28.3,56.0,18.5
Bengaluru,14,11.1,26.9,28.7,54.0,17.8
Bengaluru,15,9.9,22.8,28.7,55.0,16.6
Bengaluru,16,9.3,18.8,27.5,60.0,15.9
Bengaluru,17,9.6,17.5,25.8,69.0,9.7
Bengaluru,18,11.5,18.2,24.8,74.0,8.1
Bengaluru,19,11.2,17.3,22.8,83.0,10.2
Bengaluru,20,10.0,15.2,22.8,85.0,10.7
Bengaluru,21,9.0,13.4,22.4,88.0,10.8
Bengaluru,22,7.9,12.0,22.0,88.0,12.6
Bengaluru,23,7.0,10.8,21.6,90.0,12.7
Bengaluru,0,6.1,9.9,21.0,92.0,13.5
Bengaluru,1,5.6,9.5,20.6,93.0,13.1
Bengaluru,2,5.3,9.3,20.1,96.0,11.8
Bengaluru,3,5.0,8.9,19.8,97.0,12.4
Bengaluru,4,4.7,8.3,19.7,97.0,12.6
Bengaluru,5,5.0,8.7,20.2,95.0,13.1
Bengaluru,6,5.1,8.2,20.3,95.0,11.9
Bengaluru,7,5.2,9.5,21.3,90.0,14.6
Bengaluru,8,6.4,13.7,23.3,78.0,16.7
Bengaluru,9,7.1,15.9,24.5,72.0,17.3
Bengaluru,10,7.8,18.3,25.8,66.0,18.0
Bengaluru,11,9.2,23.9,26.8,60.0,17.6
Bengaluru,12,9.3,25.0,27.2,58.0,16.8
Bengaluru,13,9.8,26.1,28.0,54.0,17.4
Bengaluru,14,9.5,24.8,28.3,54.0,18.2
Bengaluru,15,9.0,22.4,28.1,56.0,18.8
Bengaluru,16,9.1,19.0,27.0,58.0,20.2
Bengaluru,17,11.9,23.2,25.6,66.0,11.0
Bengaluru,18,11.6,21.2,25.0,69.0,11.6
Bengaluru,19,12.1,19.0,23.1,78.0,12.9
Bengaluru,20,11.0,16.5,22.4,82.0,11.1
Bengaluru,21,9.6,13.9,22.1,85.0,12.2
Bengaluru,22,8.3,11.6,21.3,89.0,13.0
Bengaluru,23,6.8,9.3,21.2,89.0,14.6
Bengaluru,0,5.4,7.6,20.8,91.0,15.2
Bengaluru,1,4.5,6.8,20.3,93.0,14.8
Bengaluru,2,4.1,6.8,20.1,94.0,14.4
Bengaluru,3,4.0,7.2,19.8,95.0,14.4
Bengaluru,4,4.0,8.1,19.6,95.0,14.1
Bengaluru,5,3.6,5.7,20.0,93.0,14.8
Bengaluru,6,4.4,7.5,20.0,93.0,14.0
Bengaluru,7,5.2,8.4,21.1,88.0,15.3
Bengaluru,8,5.2,8.4,22.7,79.0,18.4
Bengaluru,9,5.4,9.7,23.9,73.0,20.0
Bengaluru,10,5.7,12.0,25.4,68.0,19.1
Bengaluru,11,5.7,12.5,25.6,67.0,17.2
Bengaluru,12,6.0,13.1,27.3,62.0,17.8
Bengaluru,13,6.4,14.2,27.9,59.0,18.9
Bengaluru,14,7.4,17.5,25.2,65.0,22.5
Bengaluru,15,8.1,18.6,25.3,69.0,11.0
Bengaluru,16,8.5,16.5,26.8,61.0,17.2
Bengaluru,17,11.1,23.3,23.9,76.0,13.5
Bengaluru,18,11.5,21.4,23.7,73.0,17.9
Bengaluru,19,12.2,21.5,23.4,75.0,14.4
Bengaluru,20,12.3,21.1,23.2,73.0,15.0
Bengaluru,21,11.8,19.3,22.3,76.0,13.0
Bengaluru,22,10.9,16.9,21.5,81.0,12.7
Bengaluru,23,9.0,13.7,21.1,84.0,14.1
Bengaluru,0,7.5,11.4,20.6,86.0,13.6
Bengaluru,1,6.6,10.3,20.2,89.0,13.2
Bengaluru,2,6.0,9.4,19.8,92.0,13.0
Bengaluru,3,5.4,8.7,19.5,94.0,12.2
Bengaluru,4,5.0,7.9,19.4,94.0,12.2
Bengaluru,5,4.5,6.6,19.3,94.0,12.4
Bengaluru,6,4.8,6.9,19.4,94.0,11.7
Bengaluru,7,5.1,7.3,20.7,88.0,13.7
Bengaluru,8,5.0,7.8,22.7,77.0,17.3
Bengaluru,9,4.9,7.9,24.0,70.0,18.2
Bengaluru,10,4.9,7.9,25.1,64.0,19.1
Bengaluru,11,4.9,8.0,25.9,62.0,19.8
Bengaluru,12,4.9,8.3,27.1,57.0,20.3
Bengaluru,13,5.1,8.7,27.9,53.0,19.9
Bengaluru,14,4.9,8.0,28.3,52.0,18.4
Bengaluru,15,5.0,7.9,26.4,62.0,17.9
Bengaluru,16,4.8,7.5,26.7,65.0,13.4
Bengaluru,17,7.7,11.8,26.0,62.0,16.6
Bengaluru,18,8.1,10.9,22.7,83.0,13.2
Bengaluru,19,8.7,11.1,21.9,88.0,8.6
Bengaluru,20,8.8,11.1,22.0,88.0,9.9
Bengaluru,21,8.0,10.2,21.9,86.0,10.8
Bengaluru,22,7.1,9.1,21.4,86.0,10.5
Bengaluru,23,5.6,7.1,20.9,89.0,13.6
Bengaluru,0,4.7,6.0,20.2,92.0,13.5
Bengaluru,1,4.1,5.4,19.8,93.0,13.4
Bengaluru,2,4.0,5.5,19.5,93.0,13.0
Bengaluru,3,3.5,4.8,19.2,95.0,13.4
Bengaluru,4,3.1,4.2,19.1,95.0,13.0
Bengaluru,5,2.5,3.2,19.9,92.0,13.1
Bengaluru,6,3.4,4.3,20.0,92.0,12.8
Bengaluru,7,4.2,5.5,21.3,86.0,13.6
Bengaluru,8,4.4,6.5,23.0,76.0,18.3
Bengaluru,9,4.4,6.4,24.1,70.0,18.6
Bengaluru,10,4.4,6.8,25.7,63.0,19.3
Bengaluru,11,4.6,7.3,26.2,61.0,19.0
Bengaluru,12,4.4,6.9,26.7,59.0,18.3
Bengaluru,13,4.0,6.3,27.7,54.0,18.1
Bengaluru,14,3.9,6.0,28.5,52.0,18.1
Bengaluru,15,4.3,7.0,28.4,52.0,18.2
Bengaluru,16,4.3,6.4,27.7,54.0,17.3
Bengaluru,17,7.2,11.1,26.6,58.0,14.3
Bengaluru,18,9.0,12.1,25.2,64.0,9.0
Bengaluru,19,11.6,14.8,24.5,67.0,9.1
Bengaluru,20,13.5,16.6,24.0,68.0,10.3
Bengaluru,21,14.5,17.5,23.4,71.0,12.5
Bengaluru,22,14.0,16.9,22.7,76.0,11.8
Bengaluru,23,11.9,14.8,22.1,82.0,8.1
Bengaluru,0,9.2,11.7,21.3,86.0,10.2
Bengaluru,1,7.3,9.2,20.6,92.0,9.8
Bengaluru,2,6.3,7.8,20.1,94.0,9.3
Bengaluru,3,5.6,6.8,19.7,97.0,8.4
Bengaluru,4,5.2,6.3,19.4,98.0,8.8
Bengaluru,5,4.4,5.3,19.8,95.0,9.2
Bengaluru,6,5.4,6.2,19.6,96.0,8.7
Bengaluru,7,5.2,6.1,21.1,88.0,11.0
Bengaluru,8,4.9,6.1,22.9,78.0,13.9
Bengaluru,9,4.7,6.4,24.4,70.0,15.1
Bengaluru,10,5.0,7.5,25.9,63.0,14.5
Bengaluru,11,5.2,7.9,27.1,58.0,15.6
Bengaluru,12,5.1,7.9,27.6,55.0,14.9
Bengaluru,13,4.9,7.5,28.1,53.0,14.3
Bengaluru,14,4.8,7.1,28.3,54.0,13.3
Bengaluru,15,4.6,6.7,28.4,53.0,12.9
Bengaluru,16,4.6,6.3,26.4,63.0,17.1
Bengaluru,17,4.2,4.6,27.1,58.0,10.6
Bengaluru,18,7.9,8.1,25.4,68.0,8.6
Bengaluru,19,9.3,9.5,24.0,75.0,8.1
Bengaluru,20,10.0,10.3,23.2,81.0,4.6
Bengaluru,21,10.5,10.9,22.8,83.0,5.7
Bengaluru,22,10.2,10.8,21.8,88.0,9.6
Bengaluru,23,9.4,10.2,21.9,89.0,7.7
Bengaluru,0,8.3,9.2,21.4,91.0,7.0
Bengaluru,1,7.5,8.5,21.0,93.0,9.2
Bengaluru,2,7.0,8.0,20.3,96.0,8.7
Bengaluru,3,6.5,7.6,19.8,98.0,9.0
Bengaluru,4,6.2,7.3,19.6,98.0,9.2
Bengaluru,5,5.7,6.7,20.1,98.0,9.0
Bengaluru,6,6.6,7.7,19.8,98.0,9.4
Bengaluru,7,6.8,8.3,21.0,92.0,11.7
Bengaluru,8,6.7,9.2,22.9,79.0,12.7
Bengaluru,9,7.0,10.9,25.0,68.0,12.4
Bengaluru,10,7.3,13.0,26.6,60.0,14.1
Bengaluru,11,7.6,14.3,27.5,56.0,12.1
Bengaluru,12,7.6,14.2,28.3,51.0,12.1
Bengaluru,13,7.3,13.6,29.1,51.0,12.1
Bengaluru,14,7.0,13.0,29.1,50.0,12.3
Bengaluru,15,6.9,12.4,29.3,50.0,11.7
Bengaluru,16,6.8,11.1,29.1,50.0,11.4
Bengaluru,17,9.7,16.6,28.1,53.0,11.0
Bengaluru,18,12.7,16.9,26.3,62.0,11.5
Bengaluru,19,12.0,15.2,25.2,67.0,11.1
Bengaluru,20,12.3,15.3,22.7,84.0,11.3
Bengaluru,21,12.0,15.1,20.5,96.0,12.9
Bengaluru,22,11.8,14.8,20.7,95.0,9.5
Bengaluru,23,10.5,13.4,21.0,95.0,8.6
Bengaluru,0,9.1,12.0,20.6,97.0,6.7
Bengaluru,1,8.1,11.0,20.3,97.0,6.4
Bengaluru,2,7.4,10.2,19.9,98.0,8.2
Bengaluru,3,6.9,9.7,19.9,98.0,8.6
Bengaluru,4,6.8,9.5,19.9,99.0,9.1
Bengaluru,5,6.3,8.8,19.8,97.0,9.6
Bengaluru,6,8.0,10.7,19.8,97.0,8.4
Bengaluru,7,7.9,11.0,20.8,91.0,10.3
Bengaluru,8,8.5,11.9,22.5,80.0,11.5
Bengaluru,9,8.5,13.6,24.7,70.0,13.3
Bengaluru,10,8.6,16.0,26.2,63.0,14.3
Bengaluru,11,8.7,16.9,26.8,60.0,13.5
Bengaluru,12,9.4,18.2,27.6,56.0,15.1
Bengaluru,13,7.8,15.0,28.0,54.0,16.0
Bengaluru,14,7.3,13.4,28.2,55.0,16.0
Bengaluru,15,6.9,12.1,27.9,55.0,15.0
Bengaluru,16,6.5,11.6,26.7,62.0,13.5
Bengaluru,17,10.2,14.3,26.4,67.0,11.0
Bengaluru,18,11.7,14.7,25.1,74.0,7.2
Bengaluru,19,13.5,16.2,24.5,78.0,8.0
Bengaluru,20,14.1,16.9,23.5,83.0,7.2
Bengaluru,21,14.1,16.9,22.3,87.0,7.7
Bengaluru,22,13.4,16.3,21.6,94.0,9.9
Bengaluru,23,12.1,14.8,22.0,91.0,6.9
Bengaluru,0,10.3,13.0,21.6,93.0,9.1
Bengaluru,1,9.1,11.6,21.2,96.0,9.2
Bengaluru,2,8.4,10.7,20.9,96.0,9.8
Bengaluru,3,7.9,10.3,20.6,97.0,9.6
Bengaluru,4,7.9,10.3,20.4,98.0,8.8
Bengaluru,5,6.1,7.9,20.4,95.0,9.4
Bengaluru,6,7.5,9.2,20.2,96.0,8.6
Bengaluru,7,7.4,9.2,21.6,89.0,11.0
Bengaluru,8,6.7,9.0,23.5,78.0,12.3
Bengaluru,9,6.4,8.9,24.7,71.0,13.2
Bengaluru,10,6.1,9.3,26.5,64.0,12.0
Bengaluru,11,5.8,9.3,27.3,59.0,11.2
Bengaluru,12,5.5,8.8,28.2,57.0,11.1
Bengaluru,13,5.3,8.2,28.4,55.0,11.4
Bengaluru,14,5.0,7.7,28.6,54.0,13.2
Bengaluru,15,4.8,7.2,27.8,58.0,13.3
Bengaluru,16,4.7,7.0,28.0,58.0,9.9
Bengaluru,17,8.2,10.5,26.7,64.0,9.0
Bengaluru,18,14.5,16.4,25.8,74.0,6.5
Bengaluru,19,16.5,18.2,25.2,75.0,7.3
Bengaluru,20,12.5,13.9,24.5,77.0,9.4
Bengaluru,21,13.4,14.7,23.5,79.0,5.5
Bengaluru,22,13.6,14.9,23.2,78.0,5.8
Bengaluru,23,12.0,13.3,22.5,83.0,7.0
Bengaluru,0,10.5,11.7,22.0,87.0,6.8
Bengaluru,1,9.8,11.2,21.3,91.0,6.0
Bengaluru,2,10.0,11.5,21.2,94.0,5.9
Bengaluru,3,10.1,11.8,21.0,96.0,7.7
Bengaluru,4,9.8,11.8,20.7,97.0,6.9
Bengaluru,5,10.5,12.9,21.0,97.0,6.5
Bengaluru,6,12.3,15.0,20.7,98.0,6.3
Bengaluru,7,11.9,15.1,21.5,92.0,6.8
Bengaluru,8,9.1,13.4,23.1,81.0,9.2
Bengaluru,9,8.8,13.9,25.1,69.0,9.3
Bengaluru,10,8.9,15.3,27.0,60.0,9.9
Bengaluru,11,8.9,15.9,28.3,51.0,10.7
Bengaluru,12,8.6,15.7,29.3,47.0,10.4
Bengaluru,13,8.0,14.6,29.8,46.0,11.4
Bengaluru,14,7.6,13.5,29.9,45.0,11.9
Bengaluru,15,7.2,12.7,29.7,45.0,11.4
Bengaluru,16,7.3,12.6,29.3,47.0,11.4
Bengaluru,17,5.1,6.2,29.1,48.0,9.1
Bengaluru,18,9.3,10.5,27.2,58.0,7.4
Bengaluru,19,14.1,15.4,26.4,60.0,8.0
Bengaluru,20,15.4,16.9,25.8,62.0,6.0
Bengaluru,21,15.5,17.3,25.6,61.0,7.0
Bengaluru,22,14.3,16.2,24.7,66.0,7.1
Bengaluru,23,12.2,14.3,24.6,67.0,8.0
Bengaluru,0,10.5,12.9,23.3,75.0,5.3
Bengaluru,1,9.9,12.6,22.9,78.0,7.6
Bengaluru,2,10.1,13.3,22.1,85.0,3.2
Bengaluru,3,10.9,14.5,21.4,89.0,3.9
Bengaluru,4,11.5,15.4,21.0,91.0,4.7
Bengaluru,5,15.4,21.7,21.4,90.0,6.2
Bengaluru,6,15.1,21.2,21.1,92.0,8.0
Bengaluru,7,13.2,21.1,22.3,84.0,9.6
Bengaluru,8,12.9,24.5,23.6,76.0,8.9
Bengaluru,9,15.1,31.0,25.5,66.0,9.0
Bengaluru,10,14.2,30.3,27.3,57.0,10.4
Bengaluru,11,13.3,28.6,28.4,53.0,10.5
Bengaluru,12,12.4,26.8,28.9,51.0,10.7
Bengaluru,13,12.4,26.7,29.4,50.0,12.0
Bengaluru,14,12.4,26.7,29.6,48.0,12.3
Bengaluru,15,12.4,26.4,29.8,46.0,12.5
Bengaluru,16,12.7,26.5,29.5,46.0,11.3
Bengaluru,17,14.9,30.4,29.4,45.0,10.9
Bengaluru,18,18.4,30.6,27.8,53.0,8.3
Bengaluru,19,22.4,34.2,26.9,56.0,8.1
Bengaluru,20,22.7,33.6,26.3,57.0,6.5
Bengaluru,21,20.9,30.4,25.8,59.0,6.3
Bengaluru,22,18.6,26.2,24.9,62.0,8.3
Bengaluru,23,15.7,21.2,23.9,70.0,8.7
Bengaluru,0,12.9,17.0,22.8,77.0,8.1
Bengaluru,1,11.1,14.4,22.1,85.0,8.4
Bengaluru,2,9.4,12.1,21.6,89.0,8.1
Bengaluru,3,8.3,10.8,21.2,92.0,9.0
Bengaluru,4,7.7,10.1,20.9,94.0,8.7
Bengaluru,5,7.1,10.0,20.8,94.0,9.2
Bengaluru,6,8.4,12.0,20.5,94.0,7.6
Bengaluru,7,9.8,15.2,21.6,86.0,8.5
Bengaluru,8,10.9,20.5,23.4,75.0,10.2
Bengaluru,9,12.5,26.3,25.5,64.0,9.9
Bengaluru,10,13.6,30.2,27.1,57.0,11.0
Bengaluru,11,14.3,32.4,28.2,50.0,12.1
Bengaluru,12,14.7,32.8,29.3,45.0,13.0
Bengaluru,13,14.5,31.7,30.1,42.0,13.1
Bengaluru,14,13.9,29.3,30.6,39.0,12.3
Bengaluru,15,13.2,27.1,31.0,36.0,13.3
Bengaluru,16,13.0,25.7,30.2,40.0,14.1
Bengaluru,17,12.3,22.4,29.1,44.0,12.0
Bengaluru,18,17.3,26.2,27.2,54.0,9.7
Bengaluru,19,20.7,29.0,26.6,57.0,5.9
Bengaluru,20,20.4,28.1,26.0,59.0,6.7
Bengaluru,21,18.6,25.4,25.0,63.0,5.2
Bengaluru,22,17.1,23.1,23.9,66.0,10.0
Bengaluru,23,15.5,21.4,23.6,71.0,9.5
Bengaluru,0,14.0,20.0,22.6,80.0,8.6
Bengaluru,1,12.3,18.2,22.1,86.0,8.8
Bengaluru,2,11.4,17.6,21.6,89.0,9.6
Bengaluru,3,11.0,17.9,21.2,92.0,9.3
Bengaluru,4,10.9,18.7,20.7,94.0,9.3
Bengaluru,5,10.5,20.1,20.8,94.0,9.2
Bengaluru,6,11.8,22.0,20.4,95.0,9.6
Bengaluru,7,12.7,26.0,21.7,86.0,10.9
Bengaluru,8,13.0,27.2,23.7,73.0,11.8
Bengaluru,9,13.6,28.5,25.6,62.0,12.2
Bengaluru,10,14.4,30.4,27.3,55.0,13.2
Bengaluru,11,15.0,32.1,28.4,51.0,13.3
Bengaluru,12,15.3,32.2,29.2,46.0,13.9
Bengaluru,13,16.8,34.0,29.6,44.0,13.9
Bengaluru,14,13.3,25.8,30.4,41.0,14.8
Bengaluru,15,12.1,22.7,28.9,47.0,14.8
Bengaluru,16,10.5,19.0,28.8,47.0,11.7
Bengaluru,17,11.8,20.7,28.5,46.0,11.2
Bengaluru,18,13.3,19.8,27.0,53.0,9.7
Bengaluru,19,14.4,19.6,26.3,57.0,7.4
Bengaluru,20,14.2,18.7,25.5,62.0,10.8
Bengaluru,21,13.6,18.2,24.2,71.0,11.6
Bengaluru,22,13.4,18.2,23.0,76.0,10.1
Bengaluru,23,12.8,18.2,21.0,94.0,5.7
Bengaluru,0,11.7,17.2,20.6,95.0,4.2
Bengaluru,1,10.1,15.1,20.8,95.0,8.3
Bengaluru,2,8.7,13.2,21.0,96.0,11.1
Bengaluru,3,8.0,12.5,20.7,97.0,10.8
Bengaluru,4,7.9,12.8,20.3,98.0,9.6
Bengaluru,5,7.4,12.0,21.0,95.0,8.4
Bengaluru,6,8.6,13.5,20.5,96.0,8.9
Bengaluru,7,9.4,15.8,21.6,88.0,10.9
Bengaluru,8,9.5,18.2,23.7,73.0,14.5
Bengaluru,9,10.5,22.3,25.6,62.0,14.7
Bengaluru,10,11.8,26.4,27.6,52.0,14.7
Bengaluru,11,12.6,28.1,28.7,48.0,12.9
Bengaluru,12,12.4,27.8,28.5,49.0,12.3
Bengaluru,13,12.1,26.6,29.7,45.0,12.2
Bengaluru,14,11.6,25.1,30.0,44.0,13.3
Bengaluru,15,11.0,23.1,30.0,44.0,13.1
Bengaluru,16,10.6,21.6,29.6,44.0,12.2
Bengaluru,17,17.0,35.6,28.7,48.0,10.7
Bengaluru,18,21.6,36.1,27.3,55.0,7.9
Bengaluru,19,27.2,41.1,26.7,56.0,8.4
Bengaluru,20,30.2,43.0,26.0,59.0,5.1
Bengaluru,21,28.6,39.6,25.7,61.0,5.5
Bengaluru,22,24.7,33.3,24.5,67.0,9.3
Bengaluru,23,19.7,26.0,23.5,73.0,7.8
Bengaluru,0,15.0,19.6,22.5,79.0,7.1
Bengaluru,1,11.9,15.4,22.1,82.0,7.3
Bengaluru,2,9.7,12.3,21.7,85.0,7.6
Bengaluru,3,8.5,10.9,21.1,88.0,7.4
Bengaluru,4,8.1,10.4,20.7,91.0,8.3
Bengaluru,5,8.1,10.5,21.0,92.0,8.1
Bengaluru,6,9.4,11.8,20.6,95.0,9.2
Bengaluru,7,9.2,12.6,21.9,86.0,11.6
Bengaluru,8,9.8,15.6,23.8,74.0,13.9
Bengaluru,9,10.9,19.2,26.4,61.0,13.2
Bengaluru,10,13.1,24.1,28.0,54.0,12.2
Bengaluru,11,14.2,26.5,28.8,50.0,13.2
Bengaluru,12,14.5,27.1,29.3,49.0,12.9
Bengaluru,13,14.5,27.2,30.0,47.0,11.4
Bengaluru,14,14.3,26.4,30.2,46.0,10.9
Bengaluru,15,14.0,25.4,29.6,47.0,11.1
Bengaluru,16,14.0,24.7,29.0,48.0,10.2
Bengaluru,17,17.6,30.3,29.0,48.0,9.5
Bengaluru,18,22.4,33.1,27.2,58.0,6.7
Bengaluru,19,27.7,37.7,26.9,59.0,6.2
Bengaluru,20,29.9,39.6,26.3,61.0,5.0
Bengaluru,21,29.4,38.6,25.9,63.0,4.0
Bengaluru,22,26.5,34.2,23.8,75.0,10.4
Bengaluru,23,19.2,24.3,22.9,83.0,7.2
Chandigarh,0,84.1,84.3,28.0,92.0,3.2
Chandigarh,1,86.6,86.8,27.4,92.0,4.2
Chandigarh,2,86.8,86.8,27.6,92.0,3.1
Chandigarh,3,86.1,86.1,27.3,92.0,3.1
Chandigarh,4,84.5,84.5,26.9,94.0,3.8
Chandigarh,5,80.6,81.7,27.3,96.0,2.6
Chandigarh,6,84.8,85.7,27.6,98.0,1.0
Chandigarh,7,61.5,61.7,28.5,92.0,1.3
Chandigarh,8,52.0,52.3,29.9,83.0,1.8
Chandigarh,9,43.4,43.7,30.9,77.0,1.1
Chandigarh,10,38.2,38.4,31.7,73.0,3.5
Chandigarh,11,38.0,38.2,31.3,75.0,3.6
Chandigarh,12,36.2,36.4,32.1,69.0,7.0
Chandigarh,13,33.3,33.5,33.0,66.0,7.6
Chandigarh,14,32.2,32.5,33.0,66.0,6.1
Chandigarh,15,30.6,30.9,31.6,72.0,8.3
Chandigarh,16,30.7,31.0,28.8,89.0,5.8
Chandigarh,17,42.7,42.8,30.5,81.0,4.5
Chandigarh,18,41.8,41.9,29.8,88.0,5.6
Chandigarh,19,44.1,44.1,28.7,94.0,8.7
Chandigarh,20,48.8,48.8,27.6,93.0,9.2
Chandigarh,21,54.0,54.0,27.2,95.0,9.9
Chandigarh,22,53.9,53.9,26.5,96.0,9.7
Chandigarh,23,48.9,48.9,26.3,94.0,9.4
Chandigarh,0,47.1,47.3,25.6,99.0,11.5
Chandigarh,1,44.1,44.2,25.7,99.0,11.6
Chandigarh,2,40.9,41.0,25.0,98.0,14.1
Chandigarh,3,36.0,36.1,24.4,97.0,13.4
Chandigarh,4,33.6,33.8,24.4,97.0,6.4
Chandigarh,5,34.5,35.7,24.9,97.0,4.5
Chandigarh,6,39.0,40.3,24.2,100.0,9.3
Chandigarh,7,36.3,37.8,24.9,99.0,7.0
Chandigarh,8,31.1,32.7,25.3,98.0,4.2
Chandigarh,9,23.8,25.6,26.7,93.0,3.7
Chandigarh,10,23.6,25.7,28.5,83.0,8.4
Chandigarh,11,25.3,27.6,27.1,88.0,9.2
Chandigarh,12,26.8,29.2,26.6,89.0,9.7
Chandigarh,13,28.1,30.6,26.7,89.0,8.1
Chandigarh,14,29.0,31.8,27.7,85.0,11.2
Chandigarh,15,29.5,32.6,27.8,84.0,9.3
Chandigarh,16,34.0,36.4,27.9,84.0,6.5
Chandigarh,17,34.6,36.1,28.3,82.0,7.7
Chandigarh,18,35.3,36.9,27.5,85.0,7.9
Chandigarh,19,42.0,43.3,26.6,90.0,7.7
Chandigarh,20,51.8,52.9,26.3,91.0,7.8
Chandigarh,21,58.4,59.6,26.1,92.0,7.6
Chandigarh,22,58.9,59.8,26.0,91.0,7.7
Chandigarh,23,56.6,57.5,26.2,90.0,7.8
Chandigarh,0,56.7,57.5,25.8,92.0,5.0
Chandigarh,1,56.0,57.2,25.6,94.0,5.1
Chandigarh,2,46.2,47.4,25.5,94.0,5.2
Chandigarh,3,41.1,42.5,25.3,95.0,2.6
Chandigarh,4,38.3,39.6,25.3,95.0,1.9
Chandigarh,5,38.6,41.6,26.4,87.0,4.1
Chandigarh,6,27.1,28.5,27.0,85.0,1.7
Chandigarh,7,27.0,28.2,28.1,81.0,1.9
Chandigarh,8,27.0,28.3,29.4,75.0,2.3
Chandigarh,9,24.3,25.5,30.3,71.0,7.8
Chandigarh,10,22.2,23.6,30.8,70.0,10.8
Chandigarh,11,22.6,24.9,31.7,63.0,9.7
Chandigarh,12,23.6,26.7,32.2,61.0,9.3
Chandigarh,13,24.6,28.1,32.7,60.0,7.4
Chandigarh,14,25.7,29.3,33.1,57.0,7.5
Chandigarh,15,26.4,30.2,32.0,64.0,9.3
Chandigarh,16,27.9,31.3,31.5,67.0,7.7
Chandigarh,17,38.9,46.1,32.4,66.0,5.0
Chandigarh,18,46.1,52.6,30.8,76.0,4.9
Chandigarh,19,52.2,57.4,28.9,83.0,6.9
Chandigarh,20,53.8,57.3,28.3,87.0,5.8
Chandigarh,21,49.0,51.3,27.8,88.0,6.9
Chandigarh,22,47.6,49.2,27.4,88.0,4.2
Chandigarh,23,44.7,46.2,25.2,99.0,6.9
Chandigarh,0,40.2,41.3,25.4,98.0,2.6
Chandigarh,1,38.1,39.2,25.2,99.0,5.7
Chandigarh,2,37.8,38.9,25.4,98.0,6.4
Chandigarh,3,39.8,40.9,25.5,94.0,7.6
Chandigarh,4,42.8,43.9,25.6,94.0,5.7
Chandigarh,5,54.6,55.8,27.1,88.0,6.3
Chandigarh,6,60.8,61.9,27.1,88.0,5.7
Chandigarh,7,46.4,47.6,27.9,86.0,5.3
Chandigarh,8,29.3,30.9,29.3,80.0,4.7
Chandigarh,9,27.2,28.9,30.6,72.0,11.0
Chandigarh,10,26.9,28.8,29.3,81.0,14.2
Chandigarh,11,28.3,30.4,31.9,63.0,13.9
Chandigarh,12,30.3,32.4,32.4,59.0,15.7
Chandigarh,13,32.1,34.1,31.8,63.0,15.5
Chandigarh,14,33.1,34.6,31.5,65.0,16.0
Chandigarh,15,31.9,33.2,30.6,69.0,14.0
Chandigarh,16,30.5,31.5,30.8,70.0,8.8
Chandigarh,17,26.5,26.7,29.8,74.0,13.9
Chandigarh,18,31.2,31.3,29.0,78.0,11.3
Chandigarh,19,37.0,37.5,28.4,81.0,10.9
Chandigarh,20,44.9,45.3,28.1,81.0,11.9
Chandigarh,21,54.5,54.8,28.1,78.0,11.7
Chandigarh,22,62.4,62.6,28.0,74.0,9.8
Chandigarh,23,61.0,61.2,28.1,74.0,9.4
Chandigarh,0,54.7,55.1,27.7,73.0,6.7
Chandigarh,1,44.9,45.3,27.3,74.0,5.6
Chandigarh,2,39.2,39.7,27.5,72.0,7.7
Chandigarh,3,36.1,36.6,27.5,69.0,9.3
Chandigarh,4,33.4,33.9,27.4,69.0,9.4
Chandigarh,5,29.7,30.3,27.8,73.0,13.7
Chandigarh,6,32.1,32.7,27.9,75.0,13.9
Chandigarh,7,32.0,32.7,28.2,78.0,13.5
Chandigarh,8,25.4,26.5,28.0,75.0,14.4
Chandigarh,9,21.8,22.9,29.5,70.0,16.3
Chandigarh,10,21.1,22.2,30.4,67.0,17.0
Chandigarh,11,21.1,21.9,31.2,63.0,18.4
Chandigarh,12,21.5,22.4,31.8,62.0,16.9
Chandigarh,13,22.0,22.8,31.9,61.0,17.0
Chandigarh,14,22.6,23.3,31.8,62.0,15.6
Chandigarh,15,23.3,24.0,31.9,62.0,10.6
Chandigarh,16,22.9,23.4,30.4,75.0,10.2
Chandigarh,17,15.7,16.1,30.8,72.0,6.5
Chandigarh,18,19.7,20.1,28.8,85.0,4.4
Chandigarh,19,27.9,28.1,28.0,88.0,5.9
Chandigarh,20,34.7,34.8,27.5,92.0,4.6
Chandigarh,21,41.8,41.9,27.1,94.0,3.2
Chandigarh,22,47.6,48.0,27.2,91.0,4.4
Chandigarh,23,50.8,51.6,28.8,79.0,5.8
Chandigarh,0,48.2,49.0,28.2,79.0,6.7
Chandigarh,1,41.6,42.4,28.1,76.0,9.2
Chandigarh,2,35.0,35.7,27.8,75.0,9.8
Chandigarh,3,31.8,32.5,27.3,78.0,8.1
Chandigarh,4,29.7,30.4,27.1,80.0,7.8
Chandigarh,5,25.7,26.0,26.4,87.0,5.0
Chandigarh,6,28.6,29.2,26.7,89.0,4.4
Chandigarh,7,26.8,27.2,27.9,88.0,6.1
Chandigarh,8,17.8,18.2,27.4,83.0,14.6
Chandigarh,9,15.1,16.4,28.4,79.0,9.5
Chandigarh,10,14.7,16.5,31.1,65.0,5.2
Chandigarh,11,15.3,17.5,31.3,66.0,10.4
Chandigarh,12,16.5,18.8,31.7,65.0,10.3
Chandigarh,13,17.6,20.0,32.4,63.0,9.3
Chandigarh,14,18.8,21.2,32.0,65.0,9.7
Chandigarh,15,19.2,21.4,31.2,70.0,9.0
Chandigarh,16,19.7,21.8,31.3,69.0,7.8
Chandigarh,17,30.7,34.5,31.2,73.0,7.6
Chandigarh,18,38.3,41.3,30.1,79.0,6.8
Chandigarh,19,48.3,50.8,29.2,80.0,6.6
Chandigarh,20,61.0,63.3,28.5,83.0,5.4
Chandigarh,21,66.6,68.2,27.9,87.0,4.9
Chandigarh,22,50.9,52.0,28.0,86.0,5.8
Chandigarh,23,43.8,44.8,28.7,83.0,7.3
Chandigarh,0,39.6,40.5,28.2,84.0,4.4
Chandigarh,1,36.8,37.6,27.7,86.0,2.9
Chandigarh,2,32.8,33.5,27.7,85.0,2.5
Chandigarh,3,28.9,29.6,26.9,89.0,3.7
Chandigarh,4,26.1,26.8,27.0,86.0,5.5
Chandigarh,5,38.3,39.2,27.0,90.0,5.6
Chandigarh,6,42.0,43.0,27.4,89.0,5.2
Chandigarh,7,36.7,37.7,28.5,84.0,4.8
Chandigarh,8,29.7,31.0,29.7,77.0,3.2
Chandigarh,9,26.8,28.2,30.6,72.0,2.4
Chandigarh,10,25.4,26.6,31.3,70.0,5.4
Chandigarh,11,24.4,25.6,31.1,70.0,13.4
Chandigarh,12,24.6,25.6,31.0,72.0,12.7
Chandigarh,13,25.1,26.1,31.8,67.0,10.7
Chandigarh,14,27.1,28.2,32.1,67.0,7.9
Chandigarh,15,27.0,28.1,32.5,64.0,5.4
Chandigarh,16,27.2,28.2,32.6,63.0,3.8
Chandigarh,17,28.3,29.7,31.6,72.0,6.5
Chandigarh,18,31.1,32.4,31.1,76.0,2.9
Chandigarh,19,40.0,40.9,30.0,84.0,4.2
Chandigarh,20,40.5,41.1,29.2,85.0,8.6
Chandigarh,21,43.1,43.7,28.2,85.0,13.8
Chandigarh,22,47.7,48.3,27.4,86.0,10.1
Chandigarh,23,48.0,48.7,27.2,89.0,5.8
Chandigarh,0,51.0,51.7,27.2,91.0,2.9
Chandigarh,1,50.1,50.9,27.3,91.0,4.4
Chandigarh,2,47.0,48.0,27.6,85.0,10.2
Chandigarh,3,44.9,45.9,27.2,83.0,8.4
Chandigarh,4,43.3,44.0,26.6,86.0,7.5
Chandigarh,5,30.2,30.9,28.0,83.0,7.9
Chandigarh,6,32.7,33.4,27.9,84.0,8.2
Chandigarh,7,27.8,28.5,28.5,82.0,7.8
Chandigarh,8,23.6,24.3,29.0,79.0,10.7
Chandigarh,9,19.7,20.4,29.6,75.0,9.0
Chandigarh,10,16.8,17.8,30.4,69.0,13.2
Chandigarh,11,18.2,19.7,31.2,69.0,14.1
Chandigarh,12,19.8,21.7,31.6,69.0,11.7
Chandigarh,13,20.5,22.6,32.2,65.0,9.0
Chandigarh,14,21.7,23.9,32.3,65.0,5.6
Chandigarh,15,21.9,24.2,32.7,64.0,3.8
Chandigarh,16,24.6,26.7,31.8,68.0,1.8
Chandigarh,17,44.6,49.1,30.5,76.0,5.9
Chandigarh,18,50.3,54.5,29.8,83.0,5.5
Chandigarh,19,59.6,62.9,28.1,91.0,5.8
Chandigarh,20,64.3,67.8,27.8,94.0,4.8
Chandigarh,21,73.8,77.8,27.7,93.0,7.0
Chandigarh,22,84.3,88.2,27.4,91.0,6.8
Chandigarh,23,93.8,98.0,27.7,94.0,10.6
Chandigarh,0,99.9,103.8,27.2,92.0,9.4
Chandigarh,1,95.0,98.3,27.2,90.0,6.9
Chandigarh,2,79.6,82.7,27.1,88.0,8.6
Chandigarh,3,64.7,68.2,27.0,87.0,9.1
Chandigarh,4,47.8,50.8,26.5,89.0,4.8
Chandigarh,5,60.8,63.6,25.7,94.0,8.3
Chandigarh,6,57.5,59.8,25.9,94.0,8.5
Chandigarh,7,45.9,48.2,25.6,96.0,1.9
Chandigarh,8,33.5,35.6,25.8,96.0,3.3
Chandigarh,9,27.8,29.6,27.2,89.0,4.6
Chandigarh,10,26.0,27.5,27.8,86.0,8.0
Chandigarh,11,23.6,25.1,25.9,94.0,5.1
Chandigarh,12,21.5,23.0,27.3,87.0,5.1
Chandigarh,13,22.6,24.5,27.5,88.0,4.1
Chandigarh,14,25.5,27.6,27.7,88.0,1.4
Chandigarh,15,27.0,28.8,29.1,81.0,2.2
Chandigarh,16,27.5,29.3,29.7,77.0,3.6
Chandigarh,17,30.9,32.2,29.5,73.0,2.7
Chandigarh,18,34.2,35.4,27.7,89.0,8.0
Chandigarh,19,48.2,49.1,27.1,92.0,6.1
Chandigarh,20,57.5,58.3,26.8,93.0,5.1
Chandigarh,21,62.2,62.9,26.5,91.0,6.4
Chandigarh,22,58.4,59.1,26.2,91.0,6.7
Chandigarh,23,57.4,58.1,26.3,97.0,5.0
Chandigarh,0,54.1,54.8,25.8,96.0,7.3
Chandigarh,1,54.1,54.7,25.7,95.0,5.7
Chandigarh,2,56.2,56.8,25.5,96.0,7.3
Chandigarh,3,50.2,50.6,25.3,97.0,5.1
Chandigarh,4,41.8,42.1,25.0,99.0,2.4
Chandigarh,5,29.7,30.0,26.0,97.0,3.6
Chandigarh,6,34.1,34.3,26.0,94.0,2.8
Chandigarh,7,29.0,29.3,26.5,92.0,2.6
Chandigarh,8,22.8,23.0,27.1,89.0,3.5
Chandigarh,9,18.6,18.8,28.0,82.0,2.9
Chandigarh,10,18.9,19.1,28.6,79.0,1.1
Chandigarh,11,16.1,16.2,29.2,77.0,0.4
Chandigarh,12,19.7,19.9,29.8,76.0,4.1
Chandigarh,13,20.3,20.6,31.0,67.0,5.6
Chandigarh,14,22.4,22.6,31.7,64.0,5.9
Chandigarh,15,21.0,21.2,31.8,65.0,8.2
Chandigarh,16,21.5,21.9,31.4,67.0,9.0
Chandigarh,17,42.1,43.9,31.4,68.0,8.4
Chandigarh,18,45.2,46.8,30.2,76.0,6.9
Chandigarh,19,62.4,63.8,29.0,82.0,4.1
Chandigarh,20,64.5,65.9,28.3,87.0,2.5
Chandigarh,21,61.5,62.9,27.7,90.0,1.5
Chandigarh,22,64.3,65.4,27.5,90.0,8.0
Chandigarh,23,64.3,65.2,28.2,89.0,1.1
Chandigarh,0,63.8,64.7,27.3,92.0,2.0
Chandigarh,1,62.2,62.9,26.9,94.0,4.3
Chandigarh,2,63.1,63.8,26.6,95.0,5.2
Chandigarh,3,64.5,65.0,26.1,96.0,6.8
Chandigarh,4,57.7,58.2,25.7,96.0,6.2
Chandigarh,5,72.2,73.1,26.4,91.0,7.1
Chandigarh,6,72.9,73.6,26.4,90.0,8.7
Chandigarh,7,64.5,65.2,27.2,85.0,9.9
Chandigarh,8,56.0,57.0,27.3,83.0,11.0
Chandigarh,9,48.0,49.4,24.8,95.0,6.1
Chandigarh,10,40.5,42.4,25.6,96.0,11.1
Chandigarh,11,42.6,44.5,28.1,79.0,14.5
Chandigarh,12,42.7,44.5,26.9,84.0,15.4
Chandigarh,13,38.8,39.9,27.4,83.0,13.3
Chandigarh,14,34.6,35.6,27.5,83.0,13.5
Chandigarh,15,32.1,33.2,27.4,84.0,11.0
Chandigarh,16,32.7,33.8,26.6,89.0,10.3
Chandigarh,17,26.8,27.2,26.8,88.0,12.8
Chandigarh,18,26.9,27.2,25.8,89.0,10.5
Chandigarh,19,30.0,30.3,25.6,91.0,7.8
Chandigarh,20,36.3,36.6,25.7,92.0,6.0
Chandigarh,21,45.9,46.6,25.6,95.0,1.9
Chandigarh,22,53.9,55.1,25.4,98.0,5.8
Chandigarh,23,52.7,54.0,26.1,97.0,3.5
Chandigarh,0,52.5,54.0,25.9,96.0,5.1
Chandigarh,1,50.5,51.9,25.9,96.0,5.5
Chandigarh,2,44.2,45.6,25.8,96.0,4.4
Chandigarh,3,39.9,41.3,25.8,97.0,3.7
Chandigarh,4,37.7,39.0,25.8,98.0,3.0
Chandigarh,5,27.7,27.8,26.7,88.0,5.4
Chandigarh,6,35.5,35.6,26.9,85.0,3.2
Chandigarh,7,38.2,38.3,27.4,87.0,5.2
Chandigarh,8,33.5,33.8,28.3,81.0,0.7
Chandigarh,9,30.3,30.6,28.8,78.0,3.0
Chandigarh,10,26.7,27.0,30.4,70.0,4.4
Chandigarh,11,24.7,25.0,30.4,65.0,9.2
Chandigarh,12,24.8,25.1,29.3,74.0,11.6
Chandigarh,13,25.8,26.1,28.9,75.0,12.4
Chandigarh,14,26.9,27.2,29.1,75.0,10.9
Chandigarh,15,27.3,27.7,29.2,78.0,10.3
Chandigarh,16,28.6,29.0,28.8,82.0,9.5
Chandigarh,17,31.1,32.0,28.0,95.0,4.2
Chandigarh,18,39.1,39.9,27.7,95.0,7.2
Chandigarh,19,48.0,48.7,27.6,94.0,3.9
Chandigarh,20,57.6,58.4,27.5,93.0,4.7
Chandigarh,21,66.4,67.1,27.3,93.0,5.7
Chandigarh,22,73.1,73.8,27.2,96.0,3.1
Chandigarh,23,79.2,79.9,27.5,96.0,6.5
Chandigarh,0,73.8,74.0,27.1,97.0,6.6
Chandigarh,1,71.2,71.7,27.0,96.0,10.2
Chandigarh,2,72.9,73.3,26.7,95.0,11.3
Chandigarh,3,71.2,71.7,26.5,94.0,11.1
Chandigarh,4,68.7,69.2,26.3,95.0,6.9
Chandigarh,5,48.9,49.5,25.7,95.0,7.7
Chandigarh,6,49.0,49.7,26.0,95.0,4.4
Chandigarh,7,42.5,43.2,26.3,93.0,9.7
Chandigarh,8,39.9,40.5,28.5,86.0,3.5
Chandigarh,9,38.0,38.6,26.6,94.0,7.9
Chandigarh,10,36.7,37.4,27.6,89.0,4.4
Chandigarh,11,29.6,30.4,29.6,75.0,8.0
Chandigarh,12,27.6,28.4,30.4,72.0,4.7
Chandigarh,13,27.8,28.4,31.3,68.0,1.5
Chandigarh,14,29.6,30.0,31.4,68.0,6.7
Chandigarh,15,28.8,29.2,31.2,70.0,6.4
Chandigarh,16,28.0,28.5,31.0,73.0,8.8
Chandigarh,17,32.0,32.6,29.4,83.0,1.8
Chandigarh,18,37.6,38.1,29.1,83.0,1.3
Chandigarh,19,54.4,54.7,28.1,91.0,3.0
Chandigarh,20,69.2,69.4,27.6,95.0,3.8
Chandigarh,21,62.6,62.9,27.6,94.0,2.7
Chandigarh,22,58.3,58.4,27.4,94.0,2.3
Chandigarh,23,58.6,58.8,27.1,93.0,4.6
Chandigarh,0,55.6,55.8,27.2,90.0,4.3
Chandigarh,1,52.5,52.6,27.3,90.0,4.9
Chandigarh,2,50.8,50.8,26.9,92.0,3.4
Chandigarh,3,50.4,50.5,26.5,93.0,2.6
Chandigarh,4,50.1,50.2,26.3,93.0,2.7
Chandigarh,5,46.0,46.3,27.2,88.0,5.5
Chandigarh,6,44.2,44.9,27.2,88.0,5.6
Chandigarh,7,33.5,33.6,28.5,84.0,6.7
Chandigarh,8,20.6,20.7,30.0,72.0,11.0
Chandigarh,9,19.3,19.4,30.7,68.0,13.5
Chandigarh,10,19.2,19.3,31.4,64.0,13.6
Chandigarh,11,19.2,19.3,32.1,60.0,13.8
Chandigarh,12,19.3,19.4,32.3,60.0,12.1
Chandigarh,13,19.3,19.4,32.6,60.0,8.3
Chandigarh,14,19.7,19.8,32.9,59.0,6.5
Chandigarh,15,20.3,20.4,32.9,59.0,4.6
Chandigarh,16,21.1,21.2,32.7,60.0,1.7
Chandigarh,17,28.1,28.2,32.4,63.0,1.1
Chandigarh,18,32.8,32.9,31.0,80.0,2.6
Chandigarh,19,41.9,42.0,29.7,85.0,2.8
Chandigarh,20,50.3,50.3,28.9,88.0,4.0
Chandigarh,21,56.8,56.8,28.3,89.0,4.2
Chandigarh,22,66.8,66.8,28.1,89.0,5.0
Chandigarh,23,78.5,78.5,28.4,87.0,7.4
Chandigarh,0,86.4,86.4,27.8,87.0,5.4
Chandigarh,1,84.3,84.3,27.7,85.0,6.1
Chandigarh,2,72.9,72.9,27.6,83.0,6.5
Chandigarh,3,65.4,65.4,27.5,82.0,8.1
Chandigarh,4,60.3,60.5,26.2,88.0,8.6
Chandigarh,5,89.2,89.2,25.4,98.0,9.4
Chandigarh,6,92.9,93.1,25.6,96.0,5.6
Chandigarh,7,69.8,69.8,26.1,97.0,5.1
Chandigarh,8,50.8,50.9,27.1,92.0,7.5
Chandigarh,9,41.0,41.1,28.2,84.0,10.4
Chandigarh,10,37.6,37.8,28.8,80.0,11.4
Chandigarh,11,36.3,36.6,28.5,81.0,14.7
Chandigarh,12,35.3,35.5,28.7,77.0,16.1
Chandigarh,13,34.0,34.2,28.4,80.0,15.2
Chandigarh,14,33.5,33.6,28.8,78.0,14.5
Chandigarh,15,32.4,32.6,28.7,78.0,13.1
Chandigarh,16,30.9,31.1,28.6,78.0,10.2
Chandigarh,17,22.8,22.9,29.0,77.0,10.9
Chandigarh,18,24.9,24.9,28.1,82.0,11.1
Chandigarh,19,34.2,34.2,27.3,85.0,8.0
Chandigarh,20,41.7,41.7,27.0,86.0,7.6
Chandigarh,21,49.7,49.7,26.7,87.0,6.2
Chandigarh,22,51.0,51.0,26.6,85.0,7.5
Chandigarh,23,51.0,51.1,26.7,85.0,7.8
Chandigarh,0,49.8,49.9,26.3,87.0,8.1
Chandigarh,1,49.9,50.2,26.3,85.0,8.6
Chandigarh,2,48.7,48.9,26.4,84.0,8.3
Chandigarh,3,45.1,45.3,26.1,85.0,8.4
Chandigarh,4,42.3,42.5,26.0,85.0,9.2
Chandigarh,5,38.8,38.9,26.3,87.0,12.1
Chandigarh,6,36.7,36.9,26.3,87.0,13.0
Chandigarh,7,36.3,36.8,27.0,85.0,11.4
Chandigarh,8,36.7,37.8,28.2,79.0,14.2
Chandigarh,9,39.9,41.8,28.9,76.0,14.0
Chandigarh,10,38.9,40.4,29.8,70.0,15.5
Chandigarh,11,38.1,39.3,28.8,76.0,15.9
Chandigarh,12,36.1,37.1,27.2,87.0,14.2
Chandigarh,13,35.4,36.3,26.6,93.0,10.0
Chandigarh,14,34.7,35.6,26.5,96.0,6.6
Chandigarh,15,34.7,35.5,26.2,97.0,5.0
Chandigarh,16,33.3,34.2,26.2,97.0,2.4
Chandigarh,17,32.4,33.1,28.0,84.0,4.8
Chandigarh,18,39.7,40.3,27.2,89.0,1.8
Chandigarh,19,52.6,53.2,26.5,95.0,1.5
Chandigarh,20,62.2,62.6,26.4,98.0,0.7
Chandigarh,21,76.6,77.1,26.4,99.0,1.1
Chandigarh,22,89.6,90.1,26.4,99.0,1.8
Chandigarh,23,96.9,97.6,26.9,98.0,1.6
Chandigarh,0,101.5,102.0,26.5,97.0,0.7
Chandigarh,1,102.4,102.9,26.2,98.0,0.6
Chandigarh,2,102.9,103.4,25.9,98.0,0.2
Chandigarh,3,100.8,101.0,25.6,99.0,0.4
Chandigarh,4,96.6,96.9,25.3,99.0,0.6
Chandigarh,5,82.4,82.7,25.9,97.0,1.5
Chandigarh,6,87.3,87.5,26.0,96.0,5.5
Chandigarh,7,77.3,77.5,27.4,92.0,6.4
Chandigarh,8,51.0,51.3,28.5,88.0,7.6
Chandigarh,9,36.0,36.3,29.8,81.0,8.9
Chandigarh,10,33.1,33.5,31.0,76.0,8.4
Chandigarh,11,32.1,32.5,32.6,69.0,10.1
Chandigarh,12,31.9,32.1,33.2,65.0,10.0
Chandigarh,13,32.0,32.2,33.8,62.0,9.0
Chandigarh,14,31.9,32.0,33.9,61.0,8.2
Chandigarh,15,33.1,33.2,33.7,63.0,8.2
Chandigarh,16,34.8,34.9,33.4,65.0,7.3
Chandigarh,17,24.5,25.3,33.2,69.0,5.0
Chandigarh,18,30.7,31.1,31.7,77.0,3.3
Chandigarh,19,44.4,44.6,30.4,85.0,1.3
Chandigarh,20,63.8,64.0,29.6,88.0,3.7
Chandigarh,21,80.6,80.6,29.2,87.0,4.6
Chandigarh,22,92.9,92.9,28.8,88.0,3.2
Chandigarh,23,98.7,98.7,29.4,84.0,4.7
Chandigarh,0,98.3,98.3,28.7,87.0,4.1
Chandigarh,1,95.9,95.9,28.4,88.0,3.4
Chandigarh,2,88.0,88.0,27.8,90.0,2.3
Chandigarh,3,81.3,81.7,27.4,92.0,1.9
Chandigarh,4,77.1,77.5,27.0,92.0,2.4
Chandigarh,5,99.9,101.3,28.3,87.0,2.2
Chandigarh,6,98.7,100.1,28.5,87.0,2.7
Chandigarh,7,63.1,64.0,29.8,82.0,4.8
Chandigarh,8,35.5,36.3,30.7,75.0,6.0
Chandigarh,9,31.7,32.6,31.5,72.0,6.5
Chandigarh,10,31.0,32.8,32.3,69.0,6.0
Chandigarh,11,31.7,34.6,33.0,65.0,7.0
Chandigarh,12,31.3,35.6,33.0,67.0,5.0
Chandigarh,13,31.8,36.8,32.3,73.0,3.9
Chandigarh,14,32.4,38.0,33.1,69.0,4.8
Chandigarh,15,31.8,37.7,33.3,66.0,5.5
Chandigarh,16,31.9,37.4,33.1,65.0,6.1
Chandigarh,17,40.0,48.3,30.5,86.0,6.1
Chandigarh,18,46.6,53.6,30.5,87.0,3.7
Chandigarh,19,57.0,63.8,29.8,90.0,2.7
Chandigarh,20,70.8,77.3,29.3,93.0,2.4
Chandigarh,21,86.8,93.6,28.8,94.0,1.0
Chandigarh,22,90.6,97.1,28.4,95.0,1.7
Chandigarh,23,94.3,101.0,29.1,87.0,1.8
Chandigarh,0,97.3,104.3,28.5,87.0,3.6
Chandigarh,1,99.0,106.4,28.3,85.0,4.3
Chandigarh,2,98.7,106.4,27.9,86.0,3.8
Chandigarh,3,97.8,105.9,27.5,87.0,4.0
Chandigarh,4,91.5,100.1,27.2,89.0,4.2
Chandigarh,5,108.0,119.2,27.5,92.0,5.4
Chandigarh,6,112.9,122.9,27.3,91.0,8.2
Chandigarh,7,80.3,92.9,28.7,87.0,4.8
Chandigarh,8,62.9,75.2,30.1,82.0,2.0
Chandigarh,9,52.3,61.5,31.6,72.0,2.8
Chandigarh,10,51.8,59.8,31.0,76.0,8.6
Chandigarh,11,49.6,57.2,30.1,84.0,11.3
Chandigarh,12,48.1,56.1,29.1,87.0,9.0
Chandigarh,13,47.3,55.5,30.5,80.0,6.4
Chandigarh,14,43.1,49.7,29.8,85.0,5.8
Chandigarh,15,43.2,49.2,30.4,81.0,3.8
Chandigarh,16,42.8,47.8,26.3,98.0,7.8
Chandigarh,17,49.2,58.6,29.2,83.0,4.1
Chandigarh,18,56.5,64.7,28.2,91.0,3.1
Chandigarh,19,65.2,71.9,27.4,94.0,5.5
Chandigarh,20,71.0,77.3,26.8,96.0,8.2
Chandigarh,21,80.3,86.1,26.4,96.0,8.5
Chandigarh,22,77.8,83.6,26.2,96.0,8.1
Chandigarh,23,72.9,77.3,26.3,97.0,5.5
Chandigarh,0,62.2,67.8,26.0,97.0,4.9
Chandigarh,1,51.2,56.2,25.2,97.0,3.0
Chandigarh,2,45.5,49.2,25.2,99.0,5.7
Chandigarh,3,44.2,47.5,25.0,100.0,6.0
Chandigarh,4,45.6,48.7,25.0,99.0,5.5
Chandigarh,5,32.1,34.8,26.2,93.0,2.8
Chandigarh,6,32.6,34.7,25.6,98.0,3.6
Chandigarh,7,16.4,17.8,25.2,99.0,8.5
Chandigarh,8,12.3,13.4,25.3,96.0,3.8
Chandigarh,9,10.7,11.9,27.0,88.0,1.9
Chandigarh,10,10.8,12.6,29.1,80.0,2.2
Chandigarh,11,15.0,18.6,29.5,75.0,2.2
Chandigarh,12,19.0,24.6,30.0,74.0,2.2
Chandigarh,13,22.3,29.2,31.0,69.0,5.4
Chandigarh,14,26.7,35.2,31.9,66.0,7.7
Chandigarh,15,29.2,38.4,31.8,66.0,9.1
Chandigarh,16,31.3,41.4,31.6,67.0,10.3
Chandigarh,17,39.7,52.0,31.0,72.0,10.8
Chandigarh,18,41.6,51.9,29.9,78.0,7.9
Chandigarh,19,45.3,54.6,28.9,84.0,4.6
Chandigarh,20,49.7,59.1,28.5,86.0,4.0
Chandigarh,21,56.7,66.6,28.1,86.0,5.0
Chandigarh,22,65.4,75.4,27.8,86.0,4.9
Chandigarh,23,75.0,84.5,27.5,88.0,4.7
Chandigarh,0,84.5,93.4,27.2,90.0,6.9
Chandigarh,1,92.9,100.8,26.9,90.0,7.6
Chandigarh,2,97.8,104.5,26.7,89.0,5.8
Chandigarh,3,96.4,103.4,26.4,89.0,3.8
Chandigarh,4,92.7,99.9,26.2,90.0,3.6
Chandigarh,5,84.5,94.5,27.2,84.0,4.9
Chandigarh,6,66.6,74.3,25.9,93.0,8.5
Chandigarh,7,53.4,61.5,26.2,91.0,9.9
Chandigarh,8,41.4,49.7,28.4,85.0,5.2
Chandigarh,9,38.2,47.1,29.9,76.0,6.6
Chandigarh,10,36.6,47.1,31.4,71.0,7.5
Chandigarh,11,36.6,49.0,32.6,64.0,12.2
Chandigarh,12,36.9,50.8,32.7,63.0,14.3
Chandigarh,13,36.8,51.9,33.1,61.0,14.4
Chandigarh,14,36.4,52.3,33.1,60.0,14.8
Chandigarh,15,36.4,53.0,32.8,61.0,15.6
Chandigarh,16,35.9,52.2,32.5,62.0,13.9
Chandigarh,17,38.6,50.3,31.8,75.0,7.0
Chandigarh,18,41.9,52.5,30.2,82.0,6.1
Chandigarh,19,45.2,53.3,28.5,88.0,7.4
Chandigarh,20,40.3,48.1,28.6,88.0,6.8
Chandigarh,21,38.5,45.9,28.2,89.0,3.0
Chandigarh,22,43.0,49.6,27.7,92.0,1.1
Chandigarh,23,51.1,56.9,28.0,88.0,4.4
Chandigarh,0,56.7,61.7,27.5,88.0,4.9
Chandigarh,1,61.7,66.4,27.2,85.0,4.5
Chandigarh,2,64.3,69.2,25.3,97.0,6.6
Chandigarh,3,64.7,69.8,25.8,96.0,1.3
Chandigarh,4,58.6,63.6,25.7,97.0,0.8
Chandigarh,5,53.0,60.1,26.1,92.0,9.5
Chandigarh,6,54.0,59.8,26.6,90.0,5.8
Chandigarh,7,43.4,50.8,27.7,89.0,3.8
Chandigarh,8,38.3,48.3,27.2,92.0,9.9
Chandigarh,9,31.8,51.6,28.4,85.0,7.1
Chandigarh,10,30.6,62.9,29.7,78.0,6.0
Chandigarh,11,30.9,69.6,31.1,70.0,7.5
Chandigarh,12,30.7,68.9,32.2,66.0,6.9
Chandigarh,13,30.2,65.4,33.0,62.0,8.8
Chandigarh,14,29.5,61.5,31.7,65.0,11.2
Chandigarh,15,29.2,59.1,31.1,71.0,9.1
Chandigarh,16,29.2,55.4,30.2,77.0,8.6
Chandigarh,17,36.0,76.1,28.7,93.0,8.2
Chandigarh,18,37.4,66.6,28.4,94.0,8.9
Chandigarh,19,42.0,65.7,28.1,93.0,3.8
Chandigarh,20,42.8,61.7,28.0,92.0,0.4
Chandigarh,21,37.3,52.4,27.4,95.0,1.7
Chandigarh,22,39.8,58.6,26.8,96.0,2.4
Chandigarh,23,44.6,63.1,27.8,92.0,3.2
Chandigarh,0,45.2,61.7,27.3,91.0,2.4
Chandigarh,1,49.1,64.3,27.3,90.0,0.9
Chandigarh,2,53.6,68.0,26.1,98.0,8.3
Chandigarh,3,58.2,73.1,25.9,98.0,6.6
Chandigarh,4,60.1,76.4,25.8,97.0,3.8
Chandigarh,5,35.6,56.6,25.9,97.0,3.8
Chandigarh,6,34.6,58.2,25.6,97.0,5.3
Chandigarh,7,33.2,62.4,26.2,96.0,5.5
Chandigarh,8,34.1,75.2,27.7,89.0,7.9
Chandigarh,9,34.1,83.1,29.7,78.0,7.8
Chandigarh,10,33.1,84.5,31.1,70.0,8.5
Chandigarh,11,31.8,82.0,31.9,69.0,7.9
Chandigarh,12,31.0,77.8,32.3,66.0,7.3
Chandigarh,13,30.2,72.9,32.5,66.0,7.3
Chandigarh,14,29.6,68.9,31.7,69.0,6.4
Chandigarh,15,28.9,65.0,27.2,91.0,5.1
Chandigarh,16,28.6,62.2,27.1,90.0,3.4
Chandigarh,17,34.3,51.8,26.1,94.0,15.8
Chandigarh,18,32.6,52.0,25.9,95.0,6.6
Chandigarh,19,32.0,45.4,26.3,95.0,0.2
Chandigarh,20,32.9,44.0,25.7,98.0,6.6
Chandigarh,21,35.7,46.1,25.5,98.0,9.0
Chandigarh,22,42.6,52.3,25.6,96.0,8.1
Chandigarh,23,41.3,49.8,25.7,96.0,7.9
Chandigarh,0,39.6,47.6,25.4,96.0,9.3
Chandigarh,1,40.0,47.1,24.4,97.0,2.4
Chandigarh,2,37.5,43.9,24.0,99.0,6.9
Chandigarh,3,39.2,45.4,24.2,99.0,7.4
Chandigarh,4,40.7,46.9,24.4,98.0,6.3
Chandigarh,5,20.4,26.5,25.5,96.0,6.5
Chandigarh,6,21.1,26.0,25.2,95.0,3.6
Chandigarh,7,20.1,25.4,25.6,96.0,3.9
Chandigarh,8,18.1,26.3,26.4,94.0,5.8
Chandigarh,9,20.0,34.2,27.7,89.0,4.3
Chandigarh,10,24.3,47.7,29.8,77.0,3.6
Chandigarh,11,29.0,59.8,30.5,69.0,6.4
Chandigarh,12,32.9,68.2,31.2,68.0,5.0
Chandigarh,13,36.0,73.6,31.7,67.0,5.2
Chandigarh,14,37.7,75.9,32.1,66.0,6.9
Chandigarh,15,38.1,75.9,32.1,66.0,8.5
Chandigarh,16,38.6,74.3,31.2,69.0,6.9
Chandigarh,17,42.8,78.9,31.3,71.0,7.2
Chandigarh,18,48.4,78.7,30.1,76.0,5.5
Chandigarh,19,60.1,88.0,29.0,80.0,4.7
Chandigarh,20,72.4,100.8,28.5,82.0,5.6
Chandigarh,21,85.0,111.5,27.8,85.0,3.7
Chandigarh,22,81.5,102.9,27.5,87.0,2.2
Chandigarh,23,72.4,88.2,27.1,88.0,5.7
Chandigarh,0,61.9,73.8,26.8,91.0,3.3
Chandigarh,1,52.3,62.2,26.5,93.0,3.1
Chandigarh,2,42.5,49.7,26.2,96.0,3.1
Chandigarh,3,41.6,47.3,25.9,98.0,2.3
Chandigarh,4,44.9,49.9,25.7,98.0,3.5
Chandigarh,5,48.8,62.2,26.3,92.0,6.6
Chandigarh,6,50.1,60.5,26.2,95.0,9.1
Chandigarh,7,46.0,56.5,26.8,93.0,6.4
Chandigarh,8,42.7,53.6,28.0,87.0,5.2
Chandigarh,9,36.9,47.7,28.9,83.0,4.5
Chandigarh,10,28.2,38.2,30.0,77.0,5.4
Chandigarh,11,27.4,37.3,30.7,72.0,4.2
Chandigarh,12,27.2,37.3,31.5,72.0,1.2
Chandigarh,13,27.2,37.7,32.6,67.0,1.3
Chandigarh,14,27.6,38.5,32.5,68.0,5.1
Chandigarh,15,27.8,39.5,32.4,67.0,4.6
Chandigarh,16,30.6,45.5,32.2,65.0,7.3
Chandigarh,17,46.7,74.7,30.8,81.0,8.4
Chandigarh,18,47.0,66.8,29.8,87.0,5.0
Chandigarh,19,51.9,69.6,28.0,91.0,9.1
Chandigarh,20,62.9,82.0,27.4,90.0,3.7
Chandigarh,21,76.4,97.3,27.0,93.0,1.5
Chandigarh,22,89.6,110.8,26.8,93.0,1.7
Chandigarh,23,102.2,121.5,28.1,92.0,3.7
Chandigarh,0,103.6,121.1,27.4,92.0,2.3
Chandigarh,1,100.1,115.0,26.7,95.0,4.8
Chandigarh,2,89.9,101.5,26.1,97.0,4.8
Chandigarh,3,83.1,92.4,25.4,97.0,3.8
Chandigarh,4,77.8,85.0,25.4,98.0,2.4
Chandigarh,5,82.0,101.7,26.4,94.0,1.4
Chandigarh,6,95.7,115.5,26.5,93.0,3.3
Chandigarh,7,91.7,109.9,27.7,90.0,3.3
Chandigarh,8,63.8,96.4,29.3,82.0,4.2
Chandigarh,9,56.8,101.0,30.2,76.0,5.6
Chandigarh,10,57.6,108.5,31.3,69.0,6.0
Chandigarh,11,56.0,105.2,29.3,75.0,10.5
Chandigarh,12,54.5,100.8,29.9,76.0,10.0
Chandigarh,13,54.0,97.8,31.2,68.0,11.2
Chandigarh,14,53.6,95.2,31.4,67.0,11.4
Chandigarh,15,52.5,92.0,31.4,66.0,11.8
Chandigarh,16,51.7,88.7,31.1,67.0,12.0
Chandigarh,17,46.8,80.1,30.3,76.0,12.5
Chandigarh,18,46.6,72.4,28.8,84.0,8.4
Chandigarh,19,46.0,65.9,28.2,87.0,7.9
Chandigarh,20,47.5,65.9,27.8,88.0,6.2
Chandigarh,21,52.7,71.0,27.5,89.0,5.4
Chandigarh,22,56.9,75.0,27.1,90.0,4.7
Chandigarh,23,65.4,84.3,26.6,97.0,6.7
Chandigarh,0,73.3,89.9,26.5,96.0,3.5
Chandigarh,1,73.1,86.8,26.4,96.0,3.0
Chandigarh,2,73.6,85.0,26.4,95.0,1.0
Chandigarh,3,73.1,84.5,26.1,95.0,1.4
Chandigarh,4,75.9,88.0,25.8,96.0,0.9
Chandigarh,5,63.3,85.2,26.2,92.0,8.4
Chandigarh,6,67.5,92.7,26.4,89.0,8.3
Chandigarh,7,59.0,81.7,27.8,86.0,5.8
Chandigarh,8,53.0,73.8,28.7,84.0,7.4
Chandigarh,9,43.3,65.2,29.5,81.0,7.6
Chandigarh,10,39.8,64.7,30.7,75.0,7.6
Chandigarh,11,42.4,70.5,31.4,68.0,9.4
Chandigarh,12,43.4,72.6,31.7,66.0,10.5
Chandigarh,13,43.4,75.2,32.1,63.0,10.4
Chandigarh,14,43.9,78.9,32.5,62.0,11.3
Chandigarh,15,44.0,80.6,31.5,66.0,12.2
Chandigarh,16,42.7,78.7,31.1,70.0,10.6
Chandigarh,17,31.0,50.5,30.7,77.0,8.8
Chandigarh,18,34.6,48.7,29.2,84.0,6.9
Chandigarh,19,41.7,52.7,28.2,89.0,4.8
Chandigarh,20,45.6,54.9,27.9,91.0,3.8
Chandigarh,21,48.9,57.9,27.5,92.0,1.1
Chandigarh,22,61.0,69.6,27.1,93.0,3.7
Chandigarh,23,72.4,80.6,26.8,92.0,6.7
Chandigarh,0,74.7,81.7,26.2,93.0,6.2
Chandigarh,1,67.8,73.6,25.8,96.0,3.3
Chandigarh,2,60.5,66.6,25.7,95.0,6.0
Chandigarh,3,58.2,64.0,24.6,98.0,10.3
Chandigarh,4,58.2,63.8,24.6,99.0,9.6
Chandigarh,5,51.0,60.1,24.5,97.0,1.8
Chandigarh,6,51.9,60.1,25.0,98.0,6.9
Chandigarh,7,45.6,54.0,25.8,98.0,5.2
Chandigarh,8,39.1,52.0,26.6,93.0,6.1
Chandigarh,9,31.9,50.6,28.1,83.0,2.9
Chandigarh,10,33.1,57.6,29.8,75.0,3.7
Chandigarh,11,34.0,63.1,30.4,70.0,5.4
Chandigarh,12,35.6,65.4,30.9,67.0,6.7
Chandigarh,13,37.1,66.8,31.8,63.0,6.8
Chandigarh,14,37.3,66.8,32.3,62.0,9.8
Chandigarh,15,36.6,65.2,32.1,63.0,10.9
Chandigarh,16,36.9,63.8,31.6,66.0,11.3
Chandigarh,17,41.1,75.7,31.1,70.0,8.9
Chandigarh,18,39.7,63.6,29.9,78.0,6.9
Chandigarh,19,43.3,63.1,28.9,81.0,6.5
Chandigarh,20,49.7,68.5,28.2,83.0,5.3
Chandigarh,21,59.1,78.7,27.8,82.0,6.1
Chandigarh,22,67.3,87.3,27.4,83.0,5.5
Chandigarh,23,73.1,93.6,27.8,84.0,5.3
Chandigarh,0,77.1,97.6,27.0,86.0,5.4
Chandigarh,1,79.2,98.7,26.6,87.0,4.6
Chandigarh,2,81.0,98.0,26.4,87.0,4.6
Chandigarh,3,82.7,96.9,25.8,89.0,3.8
Chandigarh,4,82.9,94.8,25.2,93.0,2.6
Chandigarh,5,50.4,57.4,26.8,83.0,4.7
Chandigarh,6,56.1,62.9,26.6,84.0,6.6
Chandigarh,7,52.7,58.3,27.9,81.0,7.7
Chandigarh,8,34.6,43.9,29.5,74.0,8.5
Chandigarh,9,30.5,43.1,30.7,67.0,7.5
Chandigarh,10,29.2,45.5,31.8,62.0,8.1
Chandigarh,11,29.5,47.8,32.7,56.0,11.3
Chandigarh,12,30.4,49.7,33.1,54.0,10.9
Chandigarh,13,31.7,51.6,33.7,52.0,9.4
Chandigarh,14,32.6,52.9,33.7,52.0,10.3
Chandigarh,15,32.8,52.6,33.4,54.0,11.0
Chandigarh,16,32.7,51.9,32.8,57.0,10.1
Chandigarh,17,40.5,66.8,32.1,64.0,9.4
Chandigarh,18,46.7,68.9,30.5,73.0,4.8
Chandigarh,19,58.7,82.9,29.5,79.0,3.1
Chandigarh,20,69.6,95.2,28.6,83.0,3.0
Chandigarh,21,82.7,106.6,27.9,86.0,2.4
Chandigarh,22,88.7,110.1,27.3,88.0,3.1
Chandigarh,23,79.2,93.8,27.8,82.0,8.1
Chandigarh,0,67.8,78.7,27.1,86.0,0.6
Chandigarh,1,62.4,71.2,25.5,94.0,7.8
Chandigarh,2,59.8,68.0,25.4,96.0,3.4
Chandigarh,3,58.0,66.1,25.3,99.0,2.3
Chandigarh,4,59.0,66.6,25.4,98.0,2.2
Chandigarh,5,93.8,108.3,26.0,89.0,2.3
Chandigarh,6,95.0,109.7,25.7,91.0,3.1
Chandigarh,7,76.6,89.6,26.8,90.0,8.5
Chandigarh,8,56.0,77.8,27.5,86.0,9.2
Chandigarh,9,51.6,77.8,28.8,80.0,5.2
Chandigarh,10,49.2,77.1,30.3,75.0,6.2
Chandigarh,11,48.0,76.1,32.1,67.0,7.4
Chandigarh,12,48.3,76.4,32.1,68.0,5.4
Chandigarh,13,49.8,76.8,32.4,66.0,3.5
Chandigarh,14,51.6,78.0,32.8,64.0,6.2
Chandigarh,15,52.5,78.5,30.8,71.0,7.9
Chandigarh,16,52.6,77.8,30.1,77.0,5.0
Chandigarh,17,55.1,76.4,30.3,74.0,6.2
Chandigarh,18,56.2,74.0,29.6,82.0,2.1
Chandigarh,19,64.0,80.6,28.5,88.0,3.3
Chandigarh,20,68.9,83.8,28.2,90.0,1.7
Chandigarh,21,77.3,92.2,27.8,93.0,0.9
Chandigarh,22,93.6,108.0,27.4,95.0,0.4
Chandigarh,23,106.6,120.6,27.7,93.0,1.9
Chandigarh,0,114.6,128.1,27.1,95.0,2.5
Chandigarh,1,119.0,131.8,26.9,95.0,4.4
Chandigarh,2,118.7,130.9,26.7,95.0,4.9
Chandigarh,3,117.6,129.0,26.4,96.0,2.9
Chandigarh,4,118.7,129.9,26.3,96.0,1.9
Chandigarh,5,85.9,93.4,26.7,94.0,2.4
Chandigarh,6,92.2,99.9,26.7,93.0,2.4
Chandigarh,7,78.5,87.8,27.6,87.0,1.6
Chandigarh,8,67.8,81.3,28.7,80.0,1.8
Chandigarh,9,56.5,75.0,29.9,74.0,5.2
Chandigarh,10,56.9,77.8,31.0,69.0,6.8
Chandigarh,11,54.7,75.2,31.5,68.0,9.1
Chandigarh,12,51.0,69.8,32.2,66.0,8.7
Chandigarh,13,49.9,67.5,32.7,63.0,10.4
Chandigarh,14,47.0,62.4,32.8,62.0,11.6
Chandigarh,15,44.9,58.1,32.5,62.0,10.7
Chandigarh,16,42.7,54.7,31.8,69.0,7.3
Chandigarh,17,52.9,68.2,29.2,89.0,9.2
Chandigarh,18,54.6,66.6,29.1,88.0,7.6
Chandigarh,19,61.5,71.9,28.6,87.0,7.7
Chandigarh,20,68.2,78.2,28.4,84.0,7.0
Chandigarh,21,72.6,82.4,28.1,84.0,7.2
Chandigarh,22,78.9,88.9,27.8,86.0,4.3
Chandigarh,23,87.1,97.1,28.1,84.0,4.8
Chandigarh,0,92.4,102.4,27.8,85.0,4.1
Chandigarh,1,95.9,104.8,27.6,86.0,4.1
Chandigarh,2,95.9,103.6,27.4,87.0,4.1
Chandigarh,3,92.4,99.0,27.3,87.0,1.7
Chandigarh,4,86.8,92.7,27.0,88.0,0.5
Chandigarh,5,104.5,115.3,27.5,85.0,7.8
Chandigarh,6,109.9,121.1,27.2,86.0,9.0
Chandigarh,7,82.0,95.0,28.7,80.0,8.5
Chandigarh,8,67.3,81.3,30.6,71.0,5.9
Chandigarh,9,59.3,75.2,31.8,63.0,8.1
Chandigarh,10,58.3,75.7,32.7,60.0,8.9
Chandigarh,11,54.8,73.1,33.4,55.0,8.9
Chandigarh,12,51.1,69.4,33.7,54.0,11.1
Chandigarh,13,48.4,66.6,33.7,54.0,12.5
Chandigarh,14,47.7,65.9,33.4,56.0,11.8
Chandigarh,15,50.5,70.1,31.6,68.0,10.5
Chandigarh,16,48.8,67.5,31.9,67.0,3.8
Chandigarh,17,49.2,66.6,32.1,74.0,4.6
Chandigarh,18,50.3,65.4,29.5,85.0,4.3
Chandigarh,19,54.5,65.9,26.9,95.0,12.5
Chandigarh,20,55.4,65.7,27.2,93.0,4.6
Chandigarh,21,60.3,69.8,27.2,95.0,1.0
Chandigarh,22,69.4,78.5,27.0,97.0,2.3
Chandigarh,23,77.3,85.2,27.1,97.0,4.6
Chandigarh,0,78.0,84.3,26.7,97.0,4.1
Chandigarh,1,74.0,78.9,26.3,97.0,6.6
Chandigarh,2,69.6,73.6,26.0,97.0,6.9
Chandigarh,3,67.3,70.8,26.0,96.0,4.0
Chandigarh,4,66.1,69.2,26.0,95.0,2.4
Chandigarh,5,80.8,91.5,26.6,95.0,2.3
Chandigarh,6,85.0,95.0,26.9,94.0,0.8
Chandigarh,7,75.4,86.4,27.1,92.0,10.3
Chandigarh,8,49.6,68.9,28.3,84.0,5.8
Chandigarh,9,46.9,71.9,30.2,72.0,7.1
Chandigarh,10,44.1,74.0,31.5,65.0,8.9
Chandigarh,11,41.8,75.0,32.4,59.0,11.1
Chandigarh,12,40.7,74.0,33.0,58.0,11.3
Chandigarh,13,40.2,70.1,33.5,56.0,10.6
Chandigarh,14,39.9,66.4,33.9,54.0,10.8
Chandigarh,15,38.5,61.2,33.8,54.0,11.5
Chandigarh,16,37.3,56.2,33.4,55.0,11.2
Chandigarh,17,42.3,73.8,33.1,59.0,9.4
Chandigarh,18,42.5,67.8,31.1,70.0,4.5
Chandigarh,19,45.6,66.6,30.0,74.0,4.1
Chandigarh,20,49.8,68.2,29.5,74.0,4.2
Chandigarh,21,55.5,73.8,29.4,76.0,3.1
Chandigarh,22,61.5,81.5,29.0,77.0,3.1
Chandigarh,23,66.4,87.3,28.9,82.0,3.6
Chandigarh,0,68.7,91.7,28.3,84.0,3.2
Chandigarh,1,69.4,94.1,27.9,84.0,4.0
Chandigarh,2,71.7,96.4,27.6,84.0,4.2
Chandigarh,3,75.7,98.5,27.3,84.0,3.9
Chandigarh,4,78.2,97.6,27.0,86.0,3.4
Chandigarh,5,72.2,113.9,28.3,80.0,4.3
Chandigarh,6,71.5,111.8,27.6,83.0,8.2
Chandigarh,7,66.8,107.1,28.5,83.0,5.9
Chandigarh,8,61.2,107.1,29.7,77.0,6.7
Chandigarh,9,57.6,101.3,30.9,70.0,9.1
Chandigarh,10,53.3,93.8,31.8,68.0,8.1
Chandigarh,11,50.8,90.3,33.2,59.0,10.9
Chandigarh,12,47.8,86.8,33.6,57.0,11.8
Chandigarh,13,46.4,85.0,34.0,55.0,10.7
Chandigarh,14,45.1,81.7,34.0,55.0,11.5
Chandigarh,15,46.7,84.5,33.7,56.0,11.9
Chandigarh,16,46.1,84.3,33.2,58.0,10.9
Chandigarh,17,50.2,87.8,32.1,68.0,7.5
Chandigarh,18,52.7,89.9,30.3,78.0,1.9
Chandigarh,19,54.4,83.4,29.4,80.0,2.7
Chandigarh,20,50.5,66.4,28.7,83.0,6.8
Chandigarh,21,50.1,59.3,28.4,86.0,2.2
Chandigarh,22,52.7,58.7,28.0,88.0,2.9
Chandigarh,23,52.5,57.2,28.5,87.0,2.8
Chandigarh,0,52.0,56.3,27.7,89.0,2.3
Chandigarh,1,51.9,56.3,27.4,89.0,1.7
Chandigarh,2,53.3,58.7,27.5,87.0,3.1
Chandigarh,3,55.2,62.2,27.3,87.0,4.3
Chandigarh,4,56.5,65.7,27.2,87.0,4.7
Chandigarh,5,65.0,94.1,26.9,97.0,3.1
Chandigarh,6,66.6,98.5,26.8,96.0,6.6
Chandigarh,7,63.3,111.8,28.4,88.0,3.5
Chandigarh,8,59.8,119.2,30.0,77.0,2.1
Chandigarh,9,56.0,117.8,31.2,69.0,4.7
Chandigarh,10,50.6,109.2,32.0,66.0,5.2
Chandigarh,11,49.2,106.6,33.0,58.0,4.3
Chandigarh,12,48.0,102.0,33.7,56.0,6.5
Chandigarh,13,49.0,102.2,34.2,53.0,7.6
Chandigarh,14,49.2,99.9,34.1,53.0,7.4
Chandigarh,15,49.2,99.4,33.4,57.0,6.1
Chandigarh,16,52.5,106.2,30.7,74.0,7.3
Chandigarh,17,64.3,143.9,27.3,95.0,9.4
Chandigarh,18,54.4,104.3,26.9,96.0,7.3
Chandigarh,19,46.6,79.4,26.2,95.0,10.3
Chandigarh,20,45.6,66.4,26.5,93.0,4.9
Chandigarh,21,45.1,59.0,26.2,95.0,4.8
Chandigarh,22,45.4,56.0,25.7,96.0,7.1
Chandigarh,23,47.3,56.9,27.3,97.0,3.9
Chandigarh,0,48.5,57.5,26.6,98.0,0.7
Chandigarh,1,49.8,58.7,26.4,99.0,2.7
Chandigarh,2,51.7,60.5,26.2,99.0,2.3
Chandigarh,3,53.8,63.3,26.1,100.0,2.5
Chandigarh,4,55.2,66.4,26.1,99.0,3.4
Chandigarh,5,51.0,76.1,26.3,95.0,5.1
Chandigarh,6,56.1,82.7,26.1,96.0,3.7
Chandigarh,7,44.0,82.7,27.3,92.0,4.0
Chandigarh,8,43.9,90.8,29.3,78.0,2.7
Chandigarh,9,42.3,89.4,30.2,71.0,3.3
Chandigarh,10,43.5,98.7,31.1,66.0,3.6
Chandigarh,11,43.5,100.4,32.1,63.0,5.8
Chandigarh,12,43.7,99.9,32.8,61.0,7.8
Chandigarh,13,45.9,103.1,32.9,60.0,7.2
Chandigarh,14,48.1,105.5,33.1,58.0,7.6
Chandigarh,15,50.8,110.8,32.3,61.0,7.2
Chandigarh,16,53.9,120.1,28.7,79.0,9.8
Chandigarh,17,62.4,140.2,30.3,80.0,6.8
Chandigarh,18,63.6,132.7,29.1,83.0,6.7
Chandigarh,19,66.8,126.2,28.6,80.0,6.4
Chandigarh,20,71.9,123.4,28.1,82.0,3.6
Chandigarh,21,67.1,103.6,27.6,85.0,2.9
Chandigarh,22,61.7,88.9,27.2,86.0,2.3
Chandigarh,23,63.1,85.0,27.8,79.0,4.8
Chandigarh,0,63.3,81.0,27.3,80.0,3.6
Chandigarh,1,65.7,82.0,26.9,83.0,1.4
Chandigarh,2,67.1,84.1,26.5,86.0,0.7
Chandigarh,3,66.1,86.1,26.2,87.0,1.7
Chandigarh,4,64.7,87.1,26.2,87.0,1.7
Chandigarh,5,55.2,95.5,26.8,85.0,4.0
Chandigarh,6,55.9,104.5,26.4,90.0,1.5
Chandigarh,7,57.0,115.9,27.5,92.0,1.3
Chandigarh,8,56.9,122.5,28.8,78.0,3.4
Chandigarh,9,53.8,112.5,30.3,67.0,3.4
Chandigarh,10,52.2,108.0,31.2,63.0,2.3
Chandigarh,11,50.2,103.1,31.6,61.0,3.6
Chandigarh,12,49.0,99.7,32.2,59.0,5.4
Chandigarh,13,48.7,97.6,32.3,59.0,7.2
Chandigarh,14,49.4,98.7,29.3,78.0,6.8
Chandigarh,15,49.1,99.7,30.5,71.0,6.8
Chandigarh,16,50.2,100.4,25.8,90.0,14.0
Chandigarh,17,53.2,118.5,28.9,76.0,10.5
Chandigarh,18,54.2,110.4,27.7,81.0,5.4
Chandigarh,19,55.5,95.9,27.0,86.0,2.8
Chandigarh,20,56.9,90.1,26.9,85.0,5.8
Chandigarh,21,57.2,84.1,27.0,79.0,10.1
Chandigarh,22,56.0,78.7,26.8,75.0,10.7
Chandigarh,23,49.4,70.1,26.6,80.0,5.7
Chandigarh,0,43.4,60.1,26.1,83.0,3.9
Chandigarh,1,43.4,58.1,26.0,85.0,3.7
Chandigarh,2,43.8,58.4,26.0,84.0,3.6
Chandigarh,3,41.7,56.8,25.8,86.0,2.0
Chandigarh,4,40.0,55.5,25.6,89.0,3.0
Chandigarh,5,41.4,54.0,25.8,92.0,5.3
Chandigarh,6,45.8,57.7,26.1,90.0,3.8
Chandigarh,7,41.3,58.6,26.7,88.0,5.1
Chandigarh,8,37.6,75.0,26.2,89.0,3.8
Chandigarh,9,41.6,97.3,26.6,89.0,2.9
Chandigarh,10,46.6,116.4,27.9,86.0,2.9
Chandigarh,11,47.6,119.2,28.8,74.0,4.8
Chandigarh,12,46.1,111.3,30.0,69.0,6.3
Chandigarh,13,43.3,99.7,30.5,66.0,5.6
Chandigarh,14,40.6,90.3,31.1,62.0,4.1
Chandigarh,15,39.0,83.4,31.2,62.0,4.2
Chandigarh,16,36.7,75.2,30.3,67.0,6.4
Chandigarh,17,50.4,114.8,28.0,83.0,8.5
Chandigarh,18,47.5,96.6,25.9,83.0,9.8
Chandigarh,19,43.5,69.6,25.7,87.0,6.9
Chandigarh,20,42.4,63.6,25.1,95.0,2.1
Chandigarh,21,41.8,57.7,25.1,95.0,3.9
Chandigarh,22,43.2,56.3,24.9,96.0,5.9
Chandigarh,23,43.2,55.3,25.6,93.0,7.0
Chandigarh,0,42.0,54.1,24.9,94.0,7.6
Chandigarh,1,42.5,54.0,24.8,93.0,8.2
Chandigarh,2,44.1,55.2,24.6,93.0,6.6
Chandigarh,3,44.4,55.5,24.5,93.0,5.2
Chandigarh,4,43.0,54.0,24.4,93.0,3.9
Chandigarh,5,39.7,53.8,25.5,96.0,2.5
Chandigarh,6,43.1,54.6,25.7,94.0,1.9
Chandigarh,7,34.9,45.5,26.5,91.0,3.4
Chandigarh,8,28.1,40.0,27.8,82.0,1.5
Chandigarh,9,21.1,33.6,29.3,70.0,1.5
Chandigarh,10,18.1,29.2,30.3,64.0,3.5
Chandigarh,11,17.5,27.3,31.3,59.0,3.8
Chandigarh,12,17.7,26.7,31.7,58.0,4.7
Chandigarh,13,18.7,27.8,28.9,68.0,10.1
Chandigarh,14,20.2,29.5,27.4,85.0,6.5
Chandigarh,15,21.0,30.2,29.5,73.0,4.2
Chandigarh,16,21.9,31.2,29.4,73.0,5.4
Chandigarh,17,26.5,35.5,29.5,72.0,7.5
Chandigarh,18,29.0,36.8,28.2,80.0,3.5
Chandigarh,19,44.1,49.7,27.5,84.0,3.5
Chandigarh,20,50.3,54.6,27.2,86.0,2.5
Chandigarh,21,47.0,50.1,26.8,85.0,6.4
Chandigarh,22,46.4,48.7,26.4,87.0,4.0
Chandigarh,23,52.0,54.1,26.1,88.0,3.7
Chandigarh,0,58.2,60.5,25.8,90.0,5.9
Chandigarh,1,58.8,60.8,25.5,89.0,8.4
Chandigarh,2,51.7,53.6,25.0,90.0,10.9
Chandigarh,3,45.5,47.3,24.3,92.0,6.7
Chandigarh,4,41.4,43.3,24.3,93.0,4.6
Chandigarh,5,27.4,30.2,23.9,99.0,5.3
Chandigarh,6,34.2,38.1,24.1,98.0,4.9
Chandigarh,7,27.2,31.4,25.1,95.0,4.2
Chandigarh,8,26.7,32.7,26.8,89.0,3.1
Chandigarh,9,26.6,32.9,28.4,79.0,5.0
Chandigarh,10,26.1,32.5,29.4,75.0,7.5
Chandigarh,11,27.4,34.1,28.7,78.0,10.8
Chandigarh,12,28.1,34.7,29.5,72.0,7.8
Chandigarh,13,28.1,34.0,30.4,68.0,6.2
Chandigarh,14,27.1,32.4,30.9,64.0,8.4
Chandigarh,15,32.6,39.8,30.2,66.0,8.3
Chandigarh,16,27.0,31.8,29.9,69.0,8.3
Chandigarh,17,31.3,33.1,27.1,90.0,2.2
Chandigarh,18,33.6,35.6,26.6,94.0,4.1
Chandigarh,19,46.2,47.5,26.4,96.0,1.2
Chandigarh,20,51.8,53.0,26.2,97.0,1.8
Chandigarh,21,53.6,55.3,25.9,98.0,0.8
Chandigarh,22,47.7,49.0,25.8,98.0,1.3
Chandigarh,23,41.1,42.7,26.0,94.0,3.5
Chandigarh,0,37.5,38.9,25.5,94.0,3.5
Chandigarh,1,37.0,38.3,25.1,95.0,2.5
Chandigarh,2,35.4,36.4,24.6,98.0,2.2
Chandigarh,3,33.8,34.8,24.4,98.0,2.5
Chandigarh,4,31.5,32.7,24.4,96.0,2.5
Chandigarh,5,52.6,54.1,25.4,88.0,3.0
Chandigarh,6,61.2,62.9,25.1,90.0,1.0
Chandigarh,7,50.5,52.2,26.6,85.0,4.5
Chandigarh,8,35.4,37.7,28.0,76.0,3.1
Chandigarh,9,29.8,32.2,29.0,71.0,3.6
Chandigarh,10,29.7,32.6,30.0,67.0,3.7
Chandigarh,11,32.2,36.1,30.8,63.0,3.0
Chandigarh,12,36.1,41.0,31.2,61.0,6.2
Chandigarh,13,37.4,42.5,30.7,63.0,7.3
Chandigarh,14,39.2,44.7,30.5,63.0,3.7
Chandigarh,15,51.1,59.0,30.5,64.0,3.0
Chandigarh,16,42.0,48.5,29.7,69.0,4.5
Chandigarh,17,38.1,43.1,28.0,75.0,7.6
Chandigarh,18,41.1,45.6,26.7,84.0,6.3
Chandigarh,19,49.1,52.7,26.0,91.0,2.4
Chandigarh,20,55.3,58.6,26.0,93.0,3.1
Chandigarh,21,62.4,65.7,25.8,93.0,4.8
Chandigarh,22,69.8,72.9,25.5,94.0,2.8
Chandigarh,23,77.1,79.9,25.9,93.0,2.1
Chandigarh,0,81.7,84.3,25.5,92.0,3.3
Chandigarh,1,79.2,81.3,25.1,93.0,3.1
Chandigarh,2,73.1,74.5,24.8,93.0,3.4
Chandigarh,3,71.7,72.9,24.6,92.0,2.4
Chandigarh,4,70.1,71.0,24.2,93.0,2.6
Chandigarh,5,70.1,72.2,23.3,97.0,6.1
Chandigarh,6,70.5,72.6,23.9,96.0,8.0
Chandigarh,7,61.2,63.3,24.8,96.0,5.9
Chandigarh,8,47.1,49.9,26.2,91.0,5.6
Chandigarh,9,36.4,40.4,27.5,81.0,4.3
Chandigarh,10,35.9,41.8,28.8,74.0,4.8
Chandigarh,11,38.4,46.7,29.9,68.0,8.2
Chandigarh,12,41.9,52.3,30.3,67.0,5.9
Chandigarh,13,44.6,56.3,30.9,64.0,5.5
Chandigarh,14,46.8,59.4,31.2,64.0,5.2
Chandigarh,15,47.5,60.5,31.0,64.0,5.2
Chandigarh,16,47.8,60.8,30.9,64.0,3.5
Chandigarh,17,53.9,67.8,30.5,68.0,6.5
Chandigarh,18,59.1,70.5,28.5,77.0,10.2
Chandigarh,19,64.3,75.7,26.8,86.0,3.1
Chandigarh,20,67.5,79.2,26.3,90.0,5.0
Chandigarh,21,71.2,83.1,25.6,91.0,3.7
Chandigarh,22,77.5,89.4,25.0,92.0,6.3
Chandigarh,23,84.1,95.2,25.3,88.0,7.3
Chandigarh,0,83.6,92.9,24.9,88.0,6.7
Chandigarh,1,78.0,85.7,24.7,90.0,4.1
Chandigarh,2,73.3,79.9,24.0,93.0,7.5
Chandigarh,3,73.3,79.4,23.4,96.0,5.5
Chandigarh,4,74.5,80.6,23.0,96.0,4.7
Chandigarh,5,80.3,87.3,24.4,95.0,3.6
Chandigarh,6,85.2,92.9,24.2,95.0,3.1
Chandigarh,7,80.6,88.2,25.7,90.0,3.9
Chandigarh,8,68.5,79.6,27.3,80.0,5.8
Chandigarh,9,60.1,74.7,28.6,73.0,6.5
Chandigarh,10,53.3,71.2,29.9,65.0,5.7
Chandigarh,11,48.8,66.4,31.1,56.0,4.3
Chandigarh,12,46.6,62.4,31.5,54.0,5.1
Chandigarh,13,46.0,60.1,32.1,51.0,4.4
Chandigarh,14,44.7,58.0,32.1,50.0,5.9
Chandigarh,15,43.4,56.1,32.1,50.0,4.7
Chandigarh,16,42.5,54.2,31.6,52.0,3.1
Chandigarh,17,37.5,47.4,30.3,63.0,3.2
Chandigarh,18,45.3,54.0,28.2,78.0,3.6
Chandigarh,19,55.2,64.3,27.1,85.0,3.5
Chandigarh,20,64.3,73.3,26.4,89.0,3.1
Chandigarh,21,72.4,81.3,25.7,91.0,2.7
Chandigarh,22,82.2,90.6,25.2,92.0,3.4
Chandigarh,23,89.4,96.4,26.0,88.0,3.4
Chandigarh,0,89.9,95.2,25.1,89.0,1.8
Chandigarh,1,87.1,91.0,24.8,87.0,2.5
Chandigarh,2,82.7,85.9,24.5,86.0,2.8
Chandigarh,3,77.3,80.3,24.0,87.0,2.2
Chandigarh,4,72.6,75.4,23.4,89.0,2.5
Chandigarh,5,75.7,79.2,25.7,78.0,5.1
Chandigarh,6,74.0,78.9,25.2,81.0,5.6
Chandigarh,7,64.0,68.9,26.6,78.0,6.1
Chandigarh,8,50.2,59.5,28.2,74.0,5.2
Chandigarh,9,44.0,56.6,29.6,68.0,7.7
Chandigarh,10,38.6,50.1,30.8,62.0,9.4
Chandigarh,11,36.0,45.9,31.8,54.0,11.8
Chandigarh,12,34.7,44.0,32.1,53.0,12.1
Chandigarh,13,34.2,43.4,32.6,50.0,11.6
Chandigarh,14,33.9,43.0,32.4,52.0,13.2
Chandigarh,15,33.2,42.1,32.1,53.0,13.6
Chandigarh,16,32.4,41.4,31.6,56.0,13.2
Chandigarh,17,36.6,46.7,30.5,67.0,7.1
Chandigarh,18,38.9,47.4,28.8,73.0,12.3
Chandigarh,19,41.2,49.5,28.3,70.0,13.2
Chandigarh,20,43.1,51.1,28.0,71.0,10.9
Chandigarh,21,45.9,53.6,27.4,74.0,9.4
Chandigarh,22,49.1,56.3,26.8,77.0,8.6
Chandigarh,23,52.0,58.4,27.2,78.0,9.0
Chandigarh,0,53.6,59.0,26.7,78.0,10.0
Chandigarh,1,56.0,61.0,26.4,78.0,8.7
Chandigarh,2,58.4,63.1,26.0,79.0,7.6
Chandigarh,3,60.3,64.3,25.7,80.0,7.7
Chandigarh,4,61.5,65.0,25.6,80.0,7.5
Chandigarh,5,54.5,59.5,26.7,78.0,7.9
Chandigarh,6,59.6,64.7,26.4,79.0,9.1
Chandigarh,7,55.9,60.8,27.6,77.0,10.1
Chandigarh,8,48.5,60.1,29.2,71.0,10.0
Chandigarh,9,49.8,71.2,30.6,64.0,13.2
Chandigarh,10,50.3,75.4,31.5,60.0,14.7
Chandigarh,11,49.9,76.1,32.2,55.0,15.9
Chandigarh,12,49.5,74.3,32.4,55.0,16.8
Chandigarh,13,47.5,70.5,32.7,55.0,15.8
Chandigarh,14,46.2,68.0,32.8,54.0,15.8
Chandigarh,15,47.5,70.1,32.6,55.0,15.3
Chandigarh,16,44.7,64.5,31.9,58.0,15.3
Chandigarh,17,56.9,83.4,31.5,62.0,12.0
Chandigarh,18,58.4,80.1,30.0,68.0,9.8
Chandigarh,19,61.0,81.3,29.2,70.0,11.2
Chandigarh,20,64.3,82.7,28.9,70.0,10.4
Chandigarh,21,65.9,83.1,28.2,73.0,8.2
Chandigarh,22,66.6,82.7,27.6,76.0,7.8
Chandigarh,23,66.8,81.5,27.9,76.0,7.4
Chandigarh,0,67.1,80.3,27.1,78.0,6.8
Chandigarh,1,66.6,78.9,26.3,79.0,7.1
Chandigarh,2,65.7,77.5,26.0,79.0,7.1
Chandigarh,3,65.0,76.1,25.6,79.0,6.6
Chandigarh,4,64.5,75.4,25.3,79.0,6.9
Chandigarh,5,60.1,73.6,26.6,77.0,8.1
Chandigarh,6,63.8,78.7,25.9,80.0,7.2
Chandigarh,7,62.9,75.4,27.4,76.0,7.7
Chandigarh,8,57.3,82.0,29.7,69.0,5.4
Chandigarh,9,54.0,85.2,31.3,60.0,7.6
Chandigarh,10,48.4,81.3,32.4,53.0,8.6
Chandigarh,11,44.6,77.1,33.1,50.0,10.6
Chandigarh,12,44.4,75.7,33.5,48.0,10.5
Chandigarh,13,44.1,73.3,33.9,47.0,9.8
Chandigarh,14,44.4,71.9,33.6,47.0,10.2
Chandigarh,15,44.0,70.1,33.3,49.0,10.0
Chandigarh,16,44.0,68.2,32.7,50.0,9.7
Chandigarh,17,47.1,68.2,32.3,56.0,8.9
Chandigarh,18,49.4,67.3,30.3,64.0,4.9
Chandigarh,19,53.6,69.8,29.3,68.0,5.1
Chandigarh,20,58.1,75.2,28.8,69.0,4.6
Chandigarh,21,63.1,81.7,28.4,70.0,4.5
Chandigarh,22,69.2,88.0,28.2,73.0,2.3
Chandigarh,23,75.4,93.1,28.7,72.0,3.0
